device_id,ts,anomaly_type,confidence_score,carbon_credit_impact_pct
TEC0325A0600002,2026-02-04 04:46:02.107000+00:00,EXCESSIVE_DISCHARGE_RATE,0.7439,100.0
TEC0325A0600002,2026-02-04 04:46:32.111000+00:00,EXCESSIVE_DISCHARGE_RATE,0.7467,100.0
TEC0325A0600002,2026-02-04 04:54:32.115000+00:00,EXCESSIVE_DISCHARGE_RATE,0.7675,100.0
TEC0325A0600002,2026-02-04 04:55:02.198000+00:00,EXCESSIVE_DISCHARGE_RATE,0.7675,100.0
TEC0325A0600002,2026-02-04 04:58:32.109000+00:00,HIGH_CELL_IMBALANCE,0.6028,14.0
TEC0325A0600002,2026-02-04 04:59:02.109000+00:00,HIGH_CELL_IMBALANCE,0.6028,14.0
TEC0325A0600002,2026-02-04 04:59:32.114000+00:00,HIGH_CELL_IMBALANCE,0.6028,14.0
TEC0325A0600002,2026-02-04 05:00:02.167000+00:00,HIGH_CELL_IMBALANCE,0.6028,14.0
TEC0325A0600002,2026-02-04 05:00:32.231000+00:00,HIGH_CELL_IMBALANCE,0.6028,14.0
TEC0325A0600002,2026-02-04 05:01:02.144000+00:00,HIGH_CELL_IMBALANCE,0.5432,12.0
TEC0325A0600002,2026-02-04 05:01:32.108000+00:00,HIGH_CELL_IMBALANCE,0.5432,12.0
TEC0325A0600002,2026-02-04 05:02:02.108000+00:00,HIGH_CELL_IMBALANCE,0.5432,12.0
TEC0325A0600002,2026-02-04 05:02:32.112000+00:00,HIGH_CELL_IMBALANCE,0.5432,12.0
TEC0325A0600002,2026-02-04 05:03:02.121000+00:00,HIGH_CELL_IMBALANCE,0.5432,12.0
TEC0325A0600002,2026-02-04 05:03:32.107000+00:00,HIGH_CELL_IMBALANCE,0.5432,12.0
TEC0325A0600002,2026-02-04 05:04:02.116000+00:00,HIGH_CELL_IMBALANCE,0.5432,12.0
TEC0325A0600002,2026-02-04 05:04:32.121000+00:00,HIGH_CELL_IMBALANCE,0.5432,12.0
TEC0325A0600002,2026-02-04 05:05:02.110000+00:00,HIGH_CELL_IMBALANCE,0.5432,12.0
TEC0325A0600002,2026-02-04 05:05:32.111000+00:00,HIGH_CELL_IMBALANCE,0.5432,12.0
TEC0325A0600002,2026-02-04 05:20:32.122000+00:00,EXCESSIVE_DISCHARGE_RATE,0.8074,100.0
TEC0325A0600002,2026-02-04 05:21:02.114000+00:00,EXCESSIVE_DISCHARGE_RATE,0.8074,100.0
TEC0325A0600002,2026-02-04 05:22:32.181000+00:00,EXCESSIVE_DISCHARGE_RATE,0.8055,100.0
TEC0325A0600002,2026-02-04 05:23:02.121000+00:00,EXCESSIVE_DISCHARGE_RATE,0.8055,100.0
TEC0325A0600002,2026-02-04 05:24:32.119000+00:00,EXCESSIVE_DISCHARGE_RATE,0.8034,100.0
TEC0325A0600002,2026-02-04 05:25:02.119000+00:00,EXCESSIVE_DISCHARGE_RATE,0.8096,100.0
TEC0325A0600002,2026-02-04 05:28:32.120000+00:00,EXCESSIVE_DISCHARGE_RATE,0.8223,100.0
TEC0325A0600002,2026-02-04 05:29:02.113000+00:00,EXCESSIVE_DISCHARGE_RATE,0.8229,100.0
TEC0325A0600002,2026-02-04 05:34:32.113000+00:00,EXCESSIVE_DISCHARGE_RATE,0.8384,100.0
TEC0325A0600002,2026-02-04 05:35:02.272000+00:00,EXCESSIVE_DISCHARGE_RATE,0.8384,100.0
TEC0325A0600002,2026-02-04 05:38:32.117000+00:00,EXCESSIVE_DISCHARGE_RATE,0.8476,100.0
TEC0325A0600002,2026-02-04 05:39:02.156000+00:00,EXCESSIVE_DISCHARGE_RATE,0.8476,100.0
TEC0325A0600002,2026-02-04 05:40:32.118000+00:00,EXCESSIVE_DISCHARGE_RATE,0.849,100.0
TEC0325A0600002,2026-02-04 05:41:02.121000+00:00,EXCESSIVE_DISCHARGE_RATE,0.849,100.0
TEC0325A0600002,2026-02-04 05:44:32.161000+00:00,EXCESSIVE_DISCHARGE_RATE,0.8492,100.0
TEC0325A0600002,2026-02-04 05:45:02.114000+00:00,EXCESSIVE_DISCHARGE_RATE,0.8498,100.0
TEC0325A0600002,2026-02-04 05:48:32.117000+00:00,EXCESSIVE_DISCHARGE_RATE,0.8461,100.0
TEC0325A0600002,2026-02-04 05:49:02.115000+00:00,EXCESSIVE_DISCHARGE_RATE,0.8488,100.0
TEC0325A0600002,2026-02-04 05:50:32.115000+00:00,EXCESSIVE_DISCHARGE_RATE,0.8515,100.0
TEC0325A0600002,2026-02-04 05:51:02.123000+00:00,EXCESSIVE_DISCHARGE_RATE,0.8515,100.0
TEC0325A0600002,2026-02-04 05:58:32.108000+00:00,EXCESSIVE_DISCHARGE_RATE,0.8551,100.0
TEC0325A0600002,2026-02-04 05:59:02.119000+00:00,EXCESSIVE_DISCHARGE_RATE,0.8551,100.0
TEC0325A0600002,2026-02-04 06:21:32.107000+00:00,EXCESSIVE_DISCHARGE_RATE,0.8197,100.0
TEC0325A0600002,2026-02-04 06:22:02.124000+00:00,EXCESSIVE_DISCHARGE_RATE,0.8197,100.0
TEC0325A0600002,2026-02-04 06:23:32.113000+00:00,EXCESSIVE_DISCHARGE_RATE,0.8231,100.0
TEC0325A0600002,2026-02-04 06:24:02.115000+00:00,EXCESSIVE_DISCHARGE_RATE,0.8204,100.0
TEC0325A0600002,2026-02-04 06:27:32.106000+00:00,EXCESSIVE_DISCHARGE_RATE,0.8142,100.0
TEC0325A0600002,2026-02-04 06:28:02.115000+00:00,EXCESSIVE_DISCHARGE_RATE,0.8142,100.0
TEC0325A0600002,2026-02-04 06:31:32.120000+00:00,EXCESSIVE_DISCHARGE_RATE,0.8156,100.0
TEC0325A0600002,2026-02-04 06:32:02.112000+00:00,EXCESSIVE_DISCHARGE_RATE,0.8156,100.0
TEC0325A0600002,2026-02-04 06:35:32.132000+00:00,EXCESSIVE_DISCHARGE_RATE,0.8154,100.0
TEC0325A0600002,2026-02-04 06:36:02.114000+00:00,EXCESSIVE_DISCHARGE_RATE,0.8154,100.0
TEC0325A0600002,2026-02-04 06:39:32.180000+00:00,EXCESSIVE_DISCHARGE_RATE,0.803,100.0
TEC0325A0600002,2026-02-04 06:40:02.109000+00:00,EXCESSIVE_DISCHARGE_RATE,0.803,100.0
TEC0325A0600002,2026-02-04 06:43:32.112000+00:00,EXCESSIVE_DISCHARGE_RATE,0.8094,100.0
TEC0325A0600002,2026-02-04 06:44:02.123000+00:00,EXCESSIVE_DISCHARGE_RATE,0.8094,100.0
TEC0325A0600002,2026-02-04 06:46:02.115000+00:00,EXCESSIVE_DISCHARGE_RATE,0.8099,100.0
TEC0325A0600002,2026-02-04 06:46:32.118000+00:00,EXCESSIVE_DISCHARGE_RATE,0.8127,100.0
TEC0325A0600002,2026-02-04 06:49:36.286000+00:00,EXCESSIVE_DISCHARGE_RATE,0.7624,100.0
TEC0325A0600002,2026-02-04 06:50:06.283000+00:00,EXCESSIVE_DISCHARGE_RATE,0.7656,100.0
TEC0325A0600002,2026-02-04 06:52:06.282000+00:00,EXCESSIVE_DISCHARGE_RATE,0.756,100.0
TEC0325A0600002,2026-02-04 06:52:36.365000+00:00,EXCESSIVE_DISCHARGE_RATE,0.7589,100.0
TEC0325A0600002,2026-02-04 06:56:06.285000+00:00,EXCESSIVE_DISCHARGE_RATE,0.7764,100.0
TEC0325A0600002,2026-02-04 06:56:36.288000+00:00,EXCESSIVE_DISCHARGE_RATE,0.7764,100.0
TEC0325A0600002,2026-02-04 07:00:06.287000+00:00,EXCESSIVE_DISCHARGE_RATE,0.7846,100.0
TEC0325A0600002,2026-02-04 07:00:36.286000+00:00,EXCESSIVE_DISCHARGE_RATE,0.784,100.0
TEC0325A0600002,2026-02-04 07:04:06.288000+00:00,EXCESSIVE_DISCHARGE_RATE,0.7981,100.0
TEC0325A0600002,2026-02-04 07:04:36.288000+00:00,EXCESSIVE_DISCHARGE_RATE,0.7975,100.0
TEC0325A0600002,2026-02-04 07:08:06.289000+00:00,EXCESSIVE_DISCHARGE_RATE,0.8008,100.0
TEC0325A0600002,2026-02-04 07:08:36.286000+00:00,EXCESSIVE_DISCHARGE_RATE,0.8032,100.0
TEC0325A0600002,2026-02-04 07:10:06.286000+00:00,EXCESSIVE_DISCHARGE_RATE,0.8009,100.0
TEC0325A0600002,2026-02-04 07:10:36.288000+00:00,EXCESSIVE_DISCHARGE_RATE,0.8021,100.0
TEC0325A0600002,2026-02-04 07:14:06.290000+00:00,EXCESSIVE_DISCHARGE_RATE,0.7946,100.0
TEC0325A0600002,2026-02-04 07:14:36.329000+00:00,EXCESSIVE_DISCHARGE_RATE,0.7934,100.0
TEC0325A0600002,2026-02-04 07:28:06.289000+00:00,EXCESSIVE_DISCHARGE_RATE,0.7914,100.0
TEC0325A0600002,2026-02-04 07:28:36.312000+00:00,EXCESSIVE_DISCHARGE_RATE,0.7902,100.0
TEC0325A0600002,2026-02-04 07:32:06.288000+00:00,EXCESSIVE_DISCHARGE_RATE,0.7872,100.0
TEC0325A0600002,2026-02-04 07:32:36.286000+00:00,EXCESSIVE_DISCHARGE_RATE,0.7872,100.0
TEC0325A0600002,2026-02-04 07:34:06.303000+00:00,EXCESSIVE_DISCHARGE_RATE,0.8067,100.0
TEC0325A0600002,2026-02-04 07:34:36.289000+00:00,EXCESSIVE_DISCHARGE_RATE,0.806,100.0
TEC0325A0600002,2026-02-04 07:36:36.366000+00:00,EXCESSIVE_DISCHARGE_RATE,0.7906,100.0
TEC0325A0600002,2026-02-04 07:37:06.288000+00:00,EXCESSIVE_DISCHARGE_RATE,0.7906,100.0
TEC0325A0600002,2026-02-04 07:40:36.285000+00:00,EXCESSIVE_DISCHARGE_RATE,0.8075,100.0
TEC0325A0600002,2026-02-04 07:41:06.287000+00:00,EXCESSIVE_DISCHARGE_RATE,0.8069,100.0
TEC0325A0600002,2026-02-04 07:42:36.289000+00:00,EXCESSIVE_DISCHARGE_RATE,0.7835,100.0
TEC0325A0600002,2026-02-04 07:43:06.287000+00:00,EXCESSIVE_DISCHARGE_RATE,0.7835,100.0
TEC0325A0600002,2026-02-04 07:46:36.285000+00:00,EXCESSIVE_DISCHARGE_RATE,0.7877,100.0
TEC0325A0600002,2026-02-04 07:47:06.287000+00:00,EXCESSIVE_DISCHARGE_RATE,0.7897,100.0
TEC0325A0600002,2026-02-04 07:48:36.302000+00:00,EXCESSIVE_DISCHARGE_RATE,0.7909,100.0
TEC0325A0600002,2026-02-04 07:49:06.292000+00:00,EXCESSIVE_DISCHARGE_RATE,0.7935,100.0
TEC0325A0600002,2026-02-04 07:50:36.287000+00:00,EXCESSIVE_DISCHARGE_RATE,0.8133,100.0
TEC0325A0600002,2026-02-04 07:51:06.297000+00:00,EXCESSIVE_DISCHARGE_RATE,0.8133,100.0
TEC0325A0600002,2026-02-04 07:54:36.288000+00:00,EXCESSIVE_DISCHARGE_RATE,0.7923,100.0
TEC0325A0600002,2026-02-04 07:55:06.286000+00:00,EXCESSIVE_DISCHARGE_RATE,0.7929,100.0
TEC0325A0600002,2026-02-04 07:56:36.291000+00:00,EXCESSIVE_DISCHARGE_RATE,0.7953,100.0
TEC0325A0600002,2026-02-04 07:57:06.290000+00:00,EXCESSIVE_DISCHARGE_RATE,0.7953,100.0
TEC0325A0600002,2026-02-04 08:00:36.284000+00:00,EXCESSIVE_DISCHARGE_RATE,0.8188,100.0
TEC0325A0600002,2026-02-04 08:01:06.287000+00:00,EXCESSIVE_DISCHARGE_RATE,0.8188,100.0
TEC0325A0600002,2026-02-04 08:04:36.300000+00:00,EXCESSIVE_DISCHARGE_RATE,0.7976,100.0
TEC0325A0600002,2026-02-04 08:05:06.288000+00:00,EXCESSIVE_DISCHARGE_RATE,0.8018,100.0
TEC0325A0600002,2026-02-04 08:08:36.289000+00:00,EXCESSIVE_DISCHARGE_RATE,0.8115,100.0
TEC0325A0600002,2026-02-04 08:09:06.288000+00:00,EXCESSIVE_DISCHARGE_RATE,0.8115,100.0
TEC0325A0600002,2026-02-04 08:10:36.290000+00:00,EXCESSIVE_DISCHARGE_RATE,0.8321,100.0
TEC0325A0600002,2026-02-04 08:11:06.288000+00:00,EXCESSIVE_DISCHARGE_RATE,0.8321,100.0
TEC0325A0600002,2026-02-04 08:15:06.394000+00:00,EXCESSIVE_DISCHARGE_RATE,0.8127,100.0
TEC0325A0600002,2026-02-04 08:15:36.288000+00:00,EXCESSIVE_DISCHARGE_RATE,0.8139,100.0
TEC0325A0600002,2026-02-04 08:19:06.288000+00:00,EXCESSIVE_DISCHARGE_RATE,0.8172,100.0
TEC0325A0600002,2026-02-04 08:19:36.286000+00:00,EXCESSIVE_DISCHARGE_RATE,0.8172,100.0
TEC0325A0600002,2026-02-04 08:25:06.287000+00:00,EXCESSIVE_DISCHARGE_RATE,0.8153,100.0
TEC0325A0600002,2026-02-04 08:25:36.287000+00:00,EXCESSIVE_DISCHARGE_RATE,0.8153,100.0
TEC0325A0600002,2026-02-04 08:33:06.287000+00:00,EXCESSIVE_DISCHARGE_RATE,0.8346,100.0
TEC0325A0600002,2026-02-04 08:33:36.286000+00:00,EXCESSIVE_DISCHARGE_RATE,0.834,100.0
TEC0325A0600002,2026-02-04 08:35:06.284000+00:00,EXCESSIVE_DISCHARGE_RATE,0.8334,100.0
TEC0325A0600002,2026-02-04 08:35:36.287000+00:00,EXCESSIVE_DISCHARGE_RATE,0.8328,100.0
TEC0325A0600002,2026-02-04 08:39:06.291000+00:00,EXCESSIVE_DISCHARGE_RATE,0.82,100.0
TEC0325A0600002,2026-02-04 08:39:36.286000+00:00,EXCESSIVE_DISCHARGE_RATE,0.82,100.0
TEC0325A0600002,2026-02-04 11:13:06.288000+00:00,EXCESSIVE_DISCHARGE_RATE,0.801,100.0
TEC0325A0600002,2026-02-04 11:13:36.297000+00:00,EXCESSIVE_DISCHARGE_RATE,0.8054,100.0
TEC0325A0600002,2026-02-04 11:15:06.291000+00:00,EXCESSIVE_DISCHARGE_RATE,0.815,100.0
TEC0325A0600002,2026-02-04 11:15:36.288000+00:00,EXCESSIVE_DISCHARGE_RATE,0.813,100.0
TEC0325A0600002,2026-02-04 11:19:06.284000+00:00,EXCESSIVE_DISCHARGE_RATE,0.8192,100.0
TEC0325A0600002,2026-02-04 11:19:36.284000+00:00,EXCESSIVE_DISCHARGE_RATE,0.8186,100.0
TEC0325A0600002,2026-02-04 11:23:06.289000+00:00,EXCESSIVE_DISCHARGE_RATE,0.8212,100.0
TEC0325A0600002,2026-02-04 11:23:36.288000+00:00,EXCESSIVE_DISCHARGE_RATE,0.8194,100.0
TEC0325A0600002,2026-02-04 11:27:36.323000+00:00,EXCESSIVE_DISCHARGE_RATE,0.8149,100.0
TEC0325A0600002,2026-02-04 11:28:06.286000+00:00,EXCESSIVE_DISCHARGE_RATE,0.8155,100.0
TEC0325A0600002,2026-02-04 11:31:36.285000+00:00,EXCESSIVE_DISCHARGE_RATE,0.7909,100.0
TEC0325A0600002,2026-02-04 11:32:06.284000+00:00,EXCESSIVE_DISCHARGE_RATE,0.7909,100.0
TEC0325A0600002,2026-02-04 11:35:36.287000+00:00,EXCESSIVE_DISCHARGE_RATE,0.8178,100.0
TEC0325A0600002,2026-02-04 11:36:06.283000+00:00,EXCESSIVE_DISCHARGE_RATE,0.8178,100.0
TEC0325A0600002,2026-02-04 11:41:36.283000+00:00,EXCESSIVE_DISCHARGE_RATE,0.8199,100.0
TEC0325A0600002,2026-02-04 11:42:06.284000+00:00,EXCESSIVE_DISCHARGE_RATE,0.8199,100.0
TEC0325A0600002,2026-02-04 11:43:36.289000+00:00,EXCESSIVE_DISCHARGE_RATE,0.8199,100.0
TEC0325A0600002,2026-02-04 11:44:06.335000+00:00,EXCESSIVE_DISCHARGE_RATE,0.8211,100.0
TEC0325A0600002,2026-02-04 11:45:36.286000+00:00,EXCESSIVE_DISCHARGE_RATE,0.8322,100.0
TEC0325A0600002,2026-02-04 11:46:06.288000+00:00,EXCESSIVE_DISCHARGE_RATE,0.8328,100.0
TEC0325A0600002,2026-02-04 11:49:36.363000+00:00,EXCESSIVE_DISCHARGE_RATE,0.8346,100.0
TEC0325A0600002,2026-02-04 11:50:06.287000+00:00,EXCESSIVE_DISCHARGE_RATE,0.8365,100.0
TEC0325A0600002,2026-02-04 11:55:36.283000+00:00,EXCESSIVE_DISCHARGE_RATE,0.8372,100.0
TEC0325A0600002,2026-02-04 11:56:06.290000+00:00,EXCESSIVE_DISCHARGE_RATE,0.8378,100.0
TEC0325A0600002,2026-02-04 12:01:36.303000+00:00,EXCESSIVE_DISCHARGE_RATE,0.8095,100.0
TEC0325A0600002,2026-02-04 12:02:06.284000+00:00,EXCESSIVE_DISCHARGE_RATE,0.8095,100.0
TEC0325A0600002,2026-02-04 12:06:06.384000+00:00,EXCESSIVE_DISCHARGE_RATE,0.8052,100.0
TEC0325A0600002,2026-02-04 12:06:36.292000+00:00,EXCESSIVE_DISCHARGE_RATE,0.8052,100.0
TEC0325A0600002,2026-02-04 12:10:06.287000+00:00,EXCESSIVE_DISCHARGE_RATE,0.7927,100.0
TEC0325A0600002,2026-02-04 12:10:36.284000+00:00,EXCESSIVE_DISCHARGE_RATE,0.7927,100.0
TEC0325A0600002,2026-02-04 12:22:06.298000+00:00,EXCESSIVE_DISCHARGE_RATE,0.8184,100.0
TEC0325A0600002,2026-02-04 12:22:36.364000+00:00,EXCESSIVE_DISCHARGE_RATE,0.8178,100.0
TEC0325A0600002,2026-02-04 13:41:06.288000+00:00,EXCESSIVE_DISCHARGE_RATE,0.7987,100.0
TEC0325A0600002,2026-02-04 13:41:36.283000+00:00,EXCESSIVE_DISCHARGE_RATE,0.8105,100.0
TEC0325A0600002,2026-02-04 13:49:36.283000+00:00,EXCESSIVE_DISCHARGE_RATE,0.8189,100.0
TEC0325A0600002,2026-02-04 13:50:06.287000+00:00,EXCESSIVE_DISCHARGE_RATE,0.8184,100.0
TEC0325A0600002,2026-02-04 13:55:36.284000+00:00,EXCESSIVE_DISCHARGE_RATE,0.7915,100.0
TEC0325A0600002,2026-02-04 13:56:06.305000+00:00,EXCESSIVE_DISCHARGE_RATE,0.7915,100.0
TEC0325A0600002,2026-02-04 14:39:06.286000+00:00,EXCESSIVE_DISCHARGE_RATE,0.7935,100.0
TEC0325A0600002,2026-02-04 14:39:36.283000+00:00,EXCESSIVE_DISCHARGE_RATE,0.7957,100.0
TEC0325A0600002,2026-02-04 14:47:06.283000+00:00,EXCESSIVE_DISCHARGE_RATE,0.78,100.0
TEC0325A0600002,2026-02-04 14:47:36.279000+00:00,EXCESSIVE_DISCHARGE_RATE,0.78,100.0
TEC0325A0600002,2026-02-04 14:53:06.284000+00:00,EXCESSIVE_DISCHARGE_RATE,0.7771,100.0
TEC0325A0600002,2026-02-04 14:53:36.283000+00:00,EXCESSIVE_DISCHARGE_RATE,0.7771,100.0
TEC0325A0600002,2026-02-04 14:57:06.285000+00:00,EXCESSIVE_DISCHARGE_RATE,0.7847,100.0
TEC0325A0600002,2026-02-04 14:57:36.284000+00:00,EXCESSIVE_DISCHARGE_RATE,0.7865,100.0
TEC0325A0600002,2026-02-04 15:03:06.284000+00:00,EXCESSIVE_DISCHARGE_RATE,0.7981,100.0
TEC0325A0600002,2026-02-04 15:03:36.284000+00:00,EXCESSIVE_DISCHARGE_RATE,0.7975,100.0
TEC0325A0600002,2026-02-04 15:07:36.319000+00:00,EXCESSIVE_DISCHARGE_RATE,0.7951,100.0
TEC0325A0600002,2026-02-04 15:08:06.283000+00:00,EXCESSIVE_DISCHARGE_RATE,0.7951,100.0
TEC0325A0600002,2026-02-04 15:09:36.283000+00:00,EXCESSIVE_DISCHARGE_RATE,0.7951,100.0
TEC0325A0600002,2026-02-04 15:10:06.290000+00:00,EXCESSIVE_DISCHARGE_RATE,0.7992,100.0
TEC0325A0600002,2026-02-04 15:13:36.286000+00:00,EXCESSIVE_DISCHARGE_RATE,0.7968,100.0
TEC0325A0600002,2026-02-04 15:14:06.285000+00:00,EXCESSIVE_DISCHARGE_RATE,0.7986,100.0
TEC0325A0600002,2026-02-04 15:17:36.284000+00:00,EXCESSIVE_DISCHARGE_RATE,0.7956,100.0
TEC0325A0600002,2026-02-04 15:18:06.286000+00:00,EXCESSIVE_DISCHARGE_RATE,0.7962,100.0
TEC0325A0600002,2026-02-04 15:21:36.286000+00:00,EXCESSIVE_DISCHARGE_RATE,0.7951,100.0
TEC0325A0600002,2026-02-04 15:22:06.288000+00:00,EXCESSIVE_DISCHARGE_RATE,0.7951,100.0
TEC0325A0600002,2026-02-04 15:23:36.283000+00:00,EXCESSIVE_DISCHARGE_RATE,0.7957,100.0
TEC0325A0600002,2026-02-04 15:24:06.349000+00:00,EXCESSIVE_DISCHARGE_RATE,0.7957,100.0
TEC0325A0600002,2026-02-04 15:27:36.283000+00:00,EXCESSIVE_DISCHARGE_RATE,0.7968,100.0
TEC0325A0600002,2026-02-04 15:28:06.284000+00:00,EXCESSIVE_DISCHARGE_RATE,0.7956,100.0
TEC0325A0600002,2026-02-04 15:31:36.283000+00:00,EXCESSIVE_DISCHARGE_RATE,0.7956,100.0
TEC0325A0600002,2026-02-04 15:32:06.283000+00:00,EXCESSIVE_DISCHARGE_RATE,0.7982,100.0
TEC0325A0600002,2026-02-04 15:43:36.284000+00:00,EXCESSIVE_DISCHARGE_RATE,0.8206,100.0
TEC0325A0600002,2026-02-04 15:44:06.283000+00:00,EXCESSIVE_DISCHARGE_RATE,0.8206,100.0
TEC0325A0600002,2026-02-04 15:48:06.284000+00:00,EXCESSIVE_DISCHARGE_RATE,0.7983,100.0
TEC0325A0600002,2026-02-04 15:48:36.279000+00:00,EXCESSIVE_DISCHARGE_RATE,0.7983,100.0
TEC0325A0600002,2026-02-04 15:56:36.282000+00:00,EXCESSIVE_DISCHARGE_RATE,0.7942,100.0
TEC0325A0600002,2026-02-04 15:57:06.351000+00:00,EXCESSIVE_DISCHARGE_RATE,0.7942,100.0
TEC0325A0600002,2026-02-04 16:00:36.283000+00:00,EXCESSIVE_DISCHARGE_RATE,0.7911,100.0
TEC0325A0600002,2026-02-04 16:01:06.287000+00:00,EXCESSIVE_DISCHARGE_RATE,0.7917,100.0
TEC0325A0600002,2026-02-04 16:12:36.283000+00:00,EXCESSIVE_DISCHARGE_RATE,0.7958,100.0
TEC0325A0600002,2026-02-04 16:13:06.283000+00:00,EXCESSIVE_DISCHARGE_RATE,0.7907,100.0
TEC0325A0600002,2026-02-04 16:16:36.283000+00:00,EXCESSIVE_DISCHARGE_RATE,0.7919,100.0
TEC0325A0600002,2026-02-04 16:17:06.287000+00:00,EXCESSIVE_DISCHARGE_RATE,0.7919,100.0
TEC0325A0600002,2026-02-19 07:54:29.203000+00:00,STATISTICAL_ANOMALY,0.6462,6.4624
TEC0325A0600002,2026-02-19 07:54:59.207000+00:00,STATISTICAL_ANOMALY,0.6523,6.5232
TEC0325A0600002,2026-02-19 07:58:29.218000+00:00,STATISTICAL_ANOMALY,0.6577,6.5765
TEC0325A0600002,2026-02-19 07:58:59.203000+00:00,STATISTICAL_ANOMALY,0.6609,6.6087
TEC0325A0600002,2026-02-19 08:02:59.197000+00:00,STATISTICAL_ANOMALY,0.6302,6.3016
TEC0325A0600002,2026-02-19 08:03:29.204000+00:00,STATISTICAL_ANOMALY,0.6302,6.3016
TEC0325A0600002,2026-02-19 08:06:59.199000+00:00,STATISTICAL_ANOMALY,0.6443,6.4429
TEC0325A0600002,2026-02-19 08:07:29.199000+00:00,STATISTICAL_ANOMALY,0.6421,6.4207
TEC0325A0600002,2026-02-19 08:12:59.196000+00:00,STATISTICAL_ANOMALY,0.6746,6.7461
TEC0325A0600002,2026-02-19 08:13:29.201000+00:00,STATISTICAL_ANOMALY,0.6746,6.7461
TEC0325A0600002,2026-02-19 08:14:59.196000+00:00,STATISTICAL_ANOMALY,0.6729,6.7291
TEC0325A0600002,2026-02-19 08:15:29.213000+00:00,STATISTICAL_ANOMALY,0.6729,6.7291
TEC0325A0600002,2026-02-19 08:20:59.196000+00:00,STATISTICAL_ANOMALY,0.6469,6.4688
TEC0325A0600002,2026-02-19 08:21:29.197000+00:00,STATISTICAL_ANOMALY,0.6491,6.4911
TEC0325A0600002,2026-02-19 08:24:59.196000+00:00,STATISTICAL_ANOMALY,0.6745,6.7455
TEC0325A0600002,2026-02-19 08:25:29.198000+00:00,STATISTICAL_ANOMALY,0.679,6.7895
TEC0325A0600002,2026-02-19 08:26:59.196000+00:00,STATISTICAL_ANOMALY,0.6799,6.799
TEC0325A0600002,2026-02-19 08:27:29.198000+00:00,STATISTICAL_ANOMALY,0.6812,6.8118
TEC0325A0600002,2026-02-19 08:28:59.196000+00:00,STATISTICAL_ANOMALY,0.6525,6.5247
TEC0325A0600002,2026-02-19 08:29:29.198000+00:00,STATISTICAL_ANOMALY,0.6508,6.5084
TEC0325A0600002,2026-02-19 08:34:59.204000+00:00,STATISTICAL_ANOMALY,0.6471,6.4713
TEC0325A0600002,2026-02-19 08:35:29.202000+00:00,STATISTICAL_ANOMALY,0.6471,6.4713
TEC0325A0600002,2026-02-19 08:47:29.202000+00:00,STATISTICAL_ANOMALY,0.6414,6.4144
TEC0325A0600002,2026-02-19 08:47:59.199000+00:00,STATISTICAL_ANOMALY,0.6416,6.4155
TEC0325A0600002,2026-02-19 08:51:29.203000+00:00,STATISTICAL_ANOMALY,0.6425,6.4254
TEC0325A0600002,2026-02-19 08:51:59.198000+00:00,STATISTICAL_ANOMALY,0.642,6.4199
TEC0325A0600002,2026-02-19 10:24:59.197000+00:00,STATISTICAL_ANOMALY,0.5939,5.9386
TEC0325A0600002,2026-02-19 10:25:29.200000+00:00,STATISTICAL_ANOMALY,0.5982,5.982
TEC0325A0600002,2026-02-19 10:26:59.196000+00:00,STATISTICAL_ANOMALY,0.6324,6.3242
TEC0325A0600002,2026-02-19 10:27:29.204000+00:00,STATISTICAL_ANOMALY,0.6325,6.3253
TEC0325A0600002,2026-02-19 10:28:59.209000+00:00,STATISTICAL_ANOMALY,0.6209,6.2087
TEC0325A0600002,2026-02-19 10:29:29.263000+00:00,STATISTICAL_ANOMALY,0.6268,6.2678
TEC0325A0600002,2026-02-19 10:32:59.196000+00:00,STATISTICAL_ANOMALY,0.6329,6.3286
TEC0325A0600002,2026-02-19 10:33:29.202000+00:00,STATISTICAL_ANOMALY,0.6372,6.372
TEC0325A0600002,2026-02-19 10:34:59.240000+00:00,STATISTICAL_ANOMALY,0.668,6.6803
TEC0325A0600002,2026-02-19 10:35:29.198000+00:00,STATISTICAL_ANOMALY,0.6732,6.7318
TEC0325A0600002,2026-02-19 10:38:59.211000+00:00,STATISTICAL_ANOMALY,0.6676,6.6757
TEC0325A0600002,2026-02-19 10:39:29.200000+00:00,STATISTICAL_ANOMALY,0.6664,6.6644
TEC0325A0600002,2026-02-19 10:40:59.203000+00:00,STATISTICAL_ANOMALY,0.6705,6.7054
TEC0325A0600002,2026-02-19 10:41:29.207000+00:00,STATISTICAL_ANOMALY,0.6729,6.7291
TEC0325A0600002,2026-02-19 10:42:59.196000+00:00,STATISTICAL_ANOMALY,0.6723,6.7235
TEC0325A0600002,2026-02-19 10:43:29.202000+00:00,STATISTICAL_ANOMALY,0.6804,6.8041
TEC0325A0600002,2026-02-19 10:45:29.206000+00:00,STATISTICAL_ANOMALY,0.6717,6.7169
TEC0325A0600002,2026-02-19 10:45:59.285000+00:00,STATISTICAL_ANOMALY,0.6719,6.7186
TEC0325A0600002,2026-02-19 10:47:29.204000+00:00,STATISTICAL_ANOMALY,0.6454,6.4541
TEC0325A0600002,2026-02-19 10:47:59.201000+00:00,STATISTICAL_ANOMALY,0.6419,6.419
TEC0325A0600002,2026-02-19 10:49:59.198000+00:00,STATISTICAL_ANOMALY,0.6351,6.3514
TEC0325A0600002,2026-02-19 10:50:29.211000+00:00,STATISTICAL_ANOMALY,0.6324,6.3238
TEC0325A0600002,2026-02-19 10:53:59.196000+00:00,STATISTICAL_ANOMALY,0.6445,6.4449
TEC0325A0600002,2026-02-19 10:54:29.195000+00:00,STATISTICAL_ANOMALY,0.6473,6.4728
TEC0325A0600002,2026-02-19 10:55:59.202000+00:00,STATISTICAL_ANOMALY,0.6833,6.833
TEC0325A0600002,2026-02-19 10:56:29.204000+00:00,STATISTICAL_ANOMALY,0.6854,6.8535
TEC0325A0600002,2026-02-19 10:57:59.196000+00:00,STATISTICAL_ANOMALY,0.6528,6.5277
TEC0325A0600002,2026-02-19 10:58:29.203000+00:00,STATISTICAL_ANOMALY,0.6528,6.5277
TEC0325A0600002,2026-02-19 10:59:59.197000+00:00,STATISTICAL_ANOMALY,0.6867,6.8668
TEC0325A0600002,2026-02-19 11:00:29.202000+00:00,STATISTICAL_ANOMALY,0.6884,6.8839
TEC0325A0600002,2026-02-19 11:03:59.203000+00:00,STATISTICAL_ANOMALY,0.6948,6.9477
TEC0325A0600002,2026-02-19 11:04:29.200000+00:00,STATISTICAL_ANOMALY,0.6948,6.9477
TEC0325A0600002,2026-02-19 11:05:59.200000+00:00,STATISTICAL_ANOMALY,0.7013,7.0125
TEC0325A0600002,2026-02-19 11:06:29.201000+00:00,STATISTICAL_ANOMALY,0.7018,7.0183
TEC0325A0600002,2026-02-19 11:09:59.207000+00:00,STATISTICAL_ANOMALY,0.6822,6.8221
TEC0325A0600002,2026-02-19 11:10:29.205000+00:00,STATISTICAL_ANOMALY,0.6851,6.8505
TEC0325A0600002,2026-02-19 11:11:59.203000+00:00,STATISTICAL_ANOMALY,0.7111,7.1105
TEC0325A0600002,2026-02-19 11:12:29.202000+00:00,STATISTICAL_ANOMALY,0.7111,7.1105
TEC0325A0600002,2026-02-19 11:15:59.196000+00:00,STATISTICAL_ANOMALY,0.6885,6.8847
TEC0325A0600002,2026-02-19 11:16:29.214000+00:00,STATISTICAL_ANOMALY,0.6885,6.8847
TEC0325A0600002,2026-02-19 11:41:29.203000+00:00,STATISTICAL_ANOMALY,0.65,6.4997
TEC0325A0600002,2026-02-19 11:41:59.196000+00:00,STATISTICAL_ANOMALY,0.6494,6.4941
TEC0325A0600002,2026-02-19 11:47:29.204000+00:00,STATISTICAL_ANOMALY,0.6627,6.6272
TEC0325A0600002,2026-02-19 11:47:59.204000+00:00,STATISTICAL_ANOMALY,0.6644,6.644
TEC0325A0600002,2026-02-19 11:51:29.202000+00:00,STATISTICAL_ANOMALY,0.6419,6.419
TEC0325A0600002,2026-02-19 11:51:59.263000+00:00,STATISTICAL_ANOMALY,0.6432,6.4319
TEC0325A0600002,2026-02-19 12:01:29.206000+00:00,STATISTICAL_ANOMALY,0.6746,6.7461
TEC0325A0600002,2026-02-19 12:01:59.196000+00:00,STATISTICAL_ANOMALY,0.6752,6.7518
TEC0325A0600002,2026-02-19 12:05:59.196000+00:00,STATISTICAL_ANOMALY,0.6464,6.4643
TEC0325A0600002,2026-02-19 12:06:29.204000+00:00,STATISTICAL_ANOMALY,0.6459,6.4587
TEC0325A0600002,2026-02-19 12:09:59.201000+00:00,STATISTICAL_ANOMALY,0.6453,6.4532
TEC0325A0600002,2026-02-19 12:10:29.594000+00:00,STATISTICAL_ANOMALY,0.6477,6.4766
TEC0325A0600002,2026-02-19 12:13:59.278000+00:00,STATISTICAL_ANOMALY,0.6729,6.7291
TEC0325A0600002,2026-02-19 12:14:29.213000+00:00,STATISTICAL_ANOMALY,0.6723,6.7235
TEC0325A0600002,2026-02-19 12:17:59.200000+00:00,STATISTICAL_ANOMALY,0.6798,6.7984
TEC0325A0600002,2026-02-19 12:18:29.203000+00:00,STATISTICAL_ANOMALY,0.6804,6.8041
TEC0325A0600002,2026-02-19 12:21:59.196000+00:00,STATISTICAL_ANOMALY,0.647,6.4695
TEC0325A0600002,2026-02-19 12:22:29.206000+00:00,STATISTICAL_ANOMALY,0.6486,6.4859
TEC0325A0600002,2026-02-19 12:30:29.301000+00:00,STATISTICAL_ANOMALY,0.6676,6.676
TEC0325A0600002,2026-02-19 12:30:59.206000+00:00,STATISTICAL_ANOMALY,0.6682,6.6816
TEC0325A0600002,2026-02-19 12:34:29.201000+00:00,STATISTICAL_ANOMALY,0.6433,6.4332
TEC0325A0600002,2026-02-19 12:34:59.201000+00:00,STATISTICAL_ANOMALY,0.6433,6.4332
TEC0325A0600002,2026-02-19 12:38:29.202000+00:00,STATISTICAL_ANOMALY,0.6422,6.4221
TEC0325A0600002,2026-02-19 12:38:59.196000+00:00,STATISTICAL_ANOMALY,0.6422,6.4221
TEC0325A0600002,2026-02-19 12:44:29.197000+00:00,STATISTICAL_ANOMALY,0.6388,6.3885
TEC0325A0600002,2026-02-19 12:44:59.200000+00:00,STATISTICAL_ANOMALY,0.6388,6.3885
TEC0325A0600002,2026-02-19 12:48:29.203000+00:00,STATISTICAL_ANOMALY,0.6371,6.3707
TEC0325A0600002,2026-02-19 12:48:59.203000+00:00,STATISTICAL_ANOMALY,0.6387,6.3873
TEC0325A0600002,2026-02-19 12:52:29.336000+00:00,STATISTICAL_ANOMALY,0.6378,6.3784
TEC0325A0600002,2026-02-19 12:52:59.209000+00:00,STATISTICAL_ANOMALY,0.6378,6.3784
TEC0325A0600002,2026-02-19 12:56:29.201000+00:00,STATISTICAL_ANOMALY,0.6638,6.6378
TEC0325A0600002,2026-02-19 12:56:59.211000+00:00,STATISTICAL_ANOMALY,0.6649,6.649
TEC0325A0600002,2026-02-19 13:00:59.210000+00:00,STATISTICAL_ANOMALY,0.6406,6.4061
TEC0325A0600002,2026-02-19 13:01:29.207000+00:00,STATISTICAL_ANOMALY,0.6406,6.4061
TEC0325A0600002,2026-02-19 13:04:59.199000+00:00,STATISTICAL_ANOMALY,0.635,6.3498
TEC0325A0600002,2026-02-19 13:05:29.209000+00:00,STATISTICAL_ANOMALY,0.635,6.3498
TEC0325A0600002,2026-02-19 13:08:59.243000+00:00,STATISTICAL_ANOMALY,0.6367,6.3675
TEC0325A0600002,2026-02-19 13:09:29.207000+00:00,STATISTICAL_ANOMALY,0.6367,6.3675
TEC0325A0600002,2026-02-19 13:10:59.199000+00:00,STATISTICAL_ANOMALY,0.6383,6.3834
TEC0325A0600002,2026-02-19 13:11:29.202000+00:00,STATISTICAL_ANOMALY,0.6394,6.3944
TEC0325A0600002,2026-02-19 13:25:29.246000+00:00,STATISTICAL_ANOMALY,0.6394,6.3944
TEC0325A0600002,2026-02-19 13:25:59.197000+00:00,STATISTICAL_ANOMALY,0.6394,6.3944
TEC0325A0600002,2026-02-19 13:27:29.198000+00:00,STATISTICAL_ANOMALY,0.6389,6.3889
TEC0325A0600002,2026-02-19 13:27:59.196000+00:00,STATISTICAL_ANOMALY,0.6389,6.3889
TEC0325A0600002,2026-02-19 13:31:29.200000+00:00,STATISTICAL_ANOMALY,0.6404,6.4044
TEC0325A0600002,2026-02-19 13:31:59.197000+00:00,STATISTICAL_ANOMALY,0.6404,6.4044
TEC0325A0600002,2026-02-19 13:39:29.199000+00:00,STATISTICAL_ANOMALY,0.6702,6.7022
TEC0325A0600002,2026-02-19 13:39:59.202000+00:00,STATISTICAL_ANOMALY,0.6702,6.7022
TEC0325A0600002,2026-02-19 13:43:29.197000+00:00,STATISTICAL_ANOMALY,0.6411,6.4114
TEC0325A0600002,2026-02-19 13:43:59.197000+00:00,STATISTICAL_ANOMALY,0.6417,6.4169
TEC0325A0600002,2026-02-19 13:47:29.258000+00:00,STATISTICAL_ANOMALY,0.6723,6.7228
TEC0325A0600002,2026-02-19 13:47:59.197000+00:00,STATISTICAL_ANOMALY,0.6723,6.7228
TEC0325A0600002,2026-02-19 13:51:59.197000+00:00,STATISTICAL_ANOMALY,0.6439,6.4391
TEC0325A0600002,2026-02-19 13:52:29.205000+00:00,STATISTICAL_ANOMALY,0.6439,6.4391
TEC0325A0600002,2026-02-19 13:55:59.198000+00:00,STATISTICAL_ANOMALY,0.6445,6.4447
TEC0325A0600002,2026-02-19 13:56:29.200000+00:00,STATISTICAL_ANOMALY,0.6445,6.4447
TEC0325A0600002,2026-02-19 14:01:59.191000+00:00,STATISTICAL_ANOMALY,0.6342,6.3417
TEC0325A0600002,2026-02-19 14:02:29.206000+00:00,STATISTICAL_ANOMALY,0.6342,6.3417
TEC0325A0600002,2026-02-19 14:05:59.195000+00:00,STATISTICAL_ANOMALY,0.6445,6.4447
TEC0325A0600002,2026-02-19 14:06:29.201000+00:00,STATISTICAL_ANOMALY,0.6445,6.4447
TEC0325A0600002,2026-02-19 14:09:59.197000+00:00,STATISTICAL_ANOMALY,0.6805,6.8049
TEC0325A0600002,2026-02-19 14:10:29.202000+00:00,STATISTICAL_ANOMALY,0.6794,6.7944
TEC0325A0600002,2026-02-19 14:11:59.196000+00:00,STATISTICAL_ANOMALY,0.6804,6.8041
TEC0325A0600002,2026-02-19 14:12:29.201000+00:00,STATISTICAL_ANOMALY,0.6804,6.8041
TEC0325A0600002,2026-02-19 14:13:59.195000+00:00,STATISTICAL_ANOMALY,0.6804,6.8041
TEC0325A0600002,2026-02-19 14:14:29.198000+00:00,STATISTICAL_ANOMALY,0.6804,6.8041
TEC0325A0600002,2026-02-19 14:17:59.196000+00:00,STATISTICAL_ANOMALY,0.6877,6.8768
TEC0325A0600002,2026-02-19 14:18:29.199000+00:00,STATISTICAL_ANOMALY,0.689,6.8901
TEC0325A0600002,2026-02-19 14:23:59.195000+00:00,STATISTICAL_ANOMALY,0.6577,6.5773
TEC0325A0600002,2026-02-19 14:24:29.199000+00:00,STATISTICAL_ANOMALY,0.6577,6.5773
TEC0325A0600002,2026-02-19 14:26:29.201000+00:00,STATISTICAL_ANOMALY,0.6572,6.5717
TEC0325A0600002,2026-02-19 14:26:59.195000+00:00,STATISTICAL_ANOMALY,0.6572,6.5717
TEC0325A0600002,2026-02-19 14:30:29.194000+00:00,STATISTICAL_ANOMALY,0.6554,6.554
TEC0325A0600002,2026-02-19 14:30:59.195000+00:00,STATISTICAL_ANOMALY,0.6554,6.554
TEC0325A0600002,2026-02-19 14:34:29.196000+00:00,STATISTICAL_ANOMALY,0.6842,6.8423
TEC0325A0600002,2026-02-19 14:34:59.195000+00:00,STATISTICAL_ANOMALY,0.6842,6.8423
TEC0325A0600002,2026-02-19 14:36:29.197000+00:00,STATISTICAL_ANOMALY,0.6532,6.5316
TEC0325A0600002,2026-02-19 14:36:59.256000+00:00,STATISTICAL_ANOMALY,0.6532,6.5316
TEC0325A0600002,2026-02-19 14:38:29.195000+00:00,STATISTICAL_ANOMALY,0.6532,6.5316
TEC0325A0600002,2026-02-19 14:38:59.195000+00:00,STATISTICAL_ANOMALY,0.6532,6.5316
TEC0325A0600002,2026-02-19 14:40:29.198000+00:00,STATISTICAL_ANOMALY,0.654,6.5395
TEC0325A0600002,2026-02-19 14:40:59.195000+00:00,STATISTICAL_ANOMALY,0.6557,6.5575
TEC0325A0600002,2026-02-19 14:44:29.195000+00:00,STATISTICAL_ANOMALY,0.6791,6.7915
TEC0325A0600002,2026-02-19 14:44:59.195000+00:00,STATISTICAL_ANOMALY,0.6791,6.7915
TEC0325A0600002,2026-02-19 14:48:29.196000+00:00,STATISTICAL_ANOMALY,0.6837,6.8372
TEC0325A0600002,2026-02-19 14:48:59.191000+00:00,STATISTICAL_ANOMALY,0.6837,6.8372
TEC0325A0600002,2026-02-19 14:52:29.196000+00:00,HIGH_CELL_IMBALANCE,0.7274,6.0
TEC0325A0600002,2026-02-19 14:52:59.195000+00:00,HIGH_CELL_IMBALANCE,0.7274,6.0
TEC0325A0600002,2026-02-19 14:54:29.198000+00:00,HIGH_CELL_IMBALANCE,0.7215,5.0
TEC0325A0600002,2026-02-19 14:54:59.195000+00:00,HIGH_CELL_IMBALANCE,0.7215,5.0
TEC0325A0600002,2026-02-20 10:53:29.211000+00:00,HIGH_CELL_IMBALANCE,0.7937,19.0
TEC0325A0600002,2026-02-20 10:53:59.206000+00:00,HIGH_CELL_IMBALANCE,0.8169,19.0
TEC0325A0600002,2026-02-20 10:54:29.209000+00:00,HIGH_CELL_IMBALANCE,0.7868,19.0
TEC0325A0600002,2026-02-20 10:54:59.201000+00:00,HIGH_CELL_IMBALANCE,0.8045,19.0
TEC0325A0600002,2026-02-20 10:55:29.200000+00:00,HIGH_CELL_IMBALANCE,0.8247,19.0
TEC0325A0600002,2026-02-20 10:55:59.204000+00:00,HIGH_CELL_IMBALANCE,0.829,19.0
TEC0325A0600002,2026-02-20 10:56:29.210000+00:00,HIGH_CELL_IMBALANCE,0.8416,19.0
TEC0325A0600002,2026-02-20 10:56:59.212000+00:00,HIGH_CELL_IMBALANCE,0.8433,16.0
TEC0325A0600002,2026-02-20 10:57:29.202000+00:00,HIGH_CELL_IMBALANCE,0.8502,16.0
TEC0325A0600002,2026-02-20 10:57:59.257000+00:00,HIGH_CELL_IMBALANCE,0.8634,16.0
TEC0325A0600002,2026-02-20 10:58:29.198000+00:00,HIGH_CELL_IMBALANCE,0.8702,16.0
TEC0325A0600002,2026-02-20 10:58:59.198000+00:00,HIGH_CELL_IMBALANCE,0.8545,14.0
TEC0325A0600002,2026-02-20 10:59:29.202000+00:00,HIGH_CELL_IMBALANCE,0.8545,14.0
TEC0325A0600002,2026-02-20 10:59:59.201000+00:00,HIGH_CELL_IMBALANCE,0.855,14.0
TEC0325A0600002,2026-02-20 11:00:29.221000+00:00,HIGH_CELL_IMBALANCE,0.8557,14.0
TEC0325A0600002,2026-02-20 11:00:59.207000+00:00,HIGH_CELL_IMBALANCE,0.8569,14.0
TEC0325A0600002,2026-02-20 11:01:29.218000+00:00,HIGH_CELL_IMBALANCE,0.8665,14.0
TEC0325A0600002,2026-02-20 11:01:59.218000+00:00,HIGH_CELL_IMBALANCE,0.8685,14.0
TEC0325A0600002,2026-02-20 11:02:29.219000+00:00,HIGH_CELL_IMBALANCE,0.8685,14.0
TEC0325A0600002,2026-02-20 11:02:59.216000+00:00,HIGH_CELL_IMBALANCE,0.871,14.0
TEC0325A0600002,2026-02-20 11:03:29.277000+00:00,HIGH_CELL_IMBALANCE,0.8799,14.0
TEC0325A0600002,2026-02-20 11:03:59.197000+00:00,HIGH_CELL_IMBALANCE,0.8813,14.0
TEC0325A0600002,2026-02-20 11:04:29.202000+00:00,HIGH_CELL_IMBALANCE,0.8832,14.0
TEC0325A0600002,2026-02-20 11:04:59.207000+00:00,HIGH_CELL_IMBALANCE,0.8832,14.0
TEC0325A0600002,2026-02-20 11:05:29.199000+00:00,HIGH_CELL_IMBALANCE,0.8894,14.0
TEC0325A0600002,2026-02-20 11:05:59.203000+00:00,HIGH_CELL_IMBALANCE,0.8922,14.0
TEC0325A0600002,2026-02-20 11:06:29.200000+00:00,HIGH_CELL_IMBALANCE,0.8922,14.0
TEC0325A0600002,2026-02-20 11:06:59.198000+00:00,HIGH_CELL_IMBALANCE,0.8928,14.0
TEC0325A0600002,2026-02-20 11:07:29.198000+00:00,HIGH_CELL_IMBALANCE,0.8928,14.0
TEC0325A0600002,2026-02-20 11:07:59.199000+00:00,HIGH_CELL_IMBALANCE,0.8934,14.0
TEC0325A0600002,2026-02-20 11:08:29.202000+00:00,HIGH_CELL_IMBALANCE,0.8954,14.0
TEC0325A0600002,2026-02-20 11:08:59.230000+00:00,HIGH_CELL_IMBALANCE,0.8992,14.0
TEC0325A0600002,2026-02-20 11:09:29.198000+00:00,HIGH_CELL_IMBALANCE,0.8992,14.0
TEC0325A0600002,2026-02-20 11:09:59.203000+00:00,HIGH_CELL_IMBALANCE,0.9041,14.0
TEC0325A0600002,2026-02-20 11:10:29.191000+00:00,HIGH_CELL_IMBALANCE,0.9071,14.0
TEC0325A0600002,2026-02-20 11:10:59.205000+00:00,HIGH_CELL_IMBALANCE,0.909,14.0
TEC0325A0600002,2026-02-20 11:11:29.203000+00:00,HIGH_CELL_IMBALANCE,0.9103,14.0
TEC0325A0600002,2026-02-20 11:11:59.202000+00:00,HIGH_CELL_IMBALANCE,0.911,14.0
TEC0325A0600002,2026-02-20 11:12:29.199000+00:00,HIGH_CELL_IMBALANCE,0.9142,14.0
TEC0325A0600002,2026-02-20 11:12:59.204000+00:00,HIGH_CELL_IMBALANCE,0.9142,14.0
TEC0325A0600002,2026-02-20 11:13:29.196000+00:00,HIGH_CELL_IMBALANCE,0.9168,14.0
TEC0325A0600002,2026-02-20 11:13:59.196000+00:00,HIGH_CELL_IMBALANCE,0.9174,14.0
TEC0325A0600002,2026-02-20 11:14:29.252000+00:00,HIGH_CELL_IMBALANCE,0.9174,14.0
TEC0325A0600002,2026-02-20 11:14:59.201000+00:00,HIGH_CELL_IMBALANCE,0.9174,14.0
TEC0325A0600002,2026-02-20 11:15:29.210000+00:00,HIGH_CELL_IMBALANCE,0.9189,14.0
TEC0325A0600002,2026-02-20 11:15:59.199000+00:00,HIGH_CELL_IMBALANCE,0.9189,14.0
TEC0325A0600002,2026-02-20 11:16:29.199000+00:00,HIGH_CELL_IMBALANCE,0.9182,14.0
TEC0325A0600002,2026-02-20 11:16:59.197000+00:00,HIGH_CELL_IMBALANCE,0.9182,14.0
TEC0325A0600002,2026-02-20 11:17:29.200000+00:00,HIGH_CELL_IMBALANCE,0.9176,14.0
TEC0325A0600002,2026-02-20 11:17:59.199000+00:00,HIGH_CELL_IMBALANCE,0.9169,14.0
TEC0325A0600002,2026-02-20 11:18:29.205000+00:00,HIGH_CELL_IMBALANCE,0.9176,14.0
TEC0325A0600002,2026-02-20 11:18:59.195000+00:00,HIGH_CELL_IMBALANCE,0.9176,14.0
TEC0325A0600002,2026-02-20 11:19:29.199000+00:00,HIGH_CELL_IMBALANCE,0.919,14.0
TEC0325A0600002,2026-02-20 11:19:59.217000+00:00,HIGH_CELL_IMBALANCE,0.919,14.0
TEC0325A0600002,2026-02-20 11:20:29.212000+00:00,HIGH_CELL_IMBALANCE,0.919,14.0
TEC0325A0600002,2026-02-20 11:20:59.197000+00:00,HIGH_CELL_IMBALANCE,0.919,14.0
TEC0325A0600002,2026-02-20 11:21:29.201000+00:00,HIGH_CELL_IMBALANCE,0.919,14.0
TEC0325A0600002,2026-02-20 11:21:59.196000+00:00,HIGH_CELL_IMBALANCE,0.919,14.0
TEC0325A0600002,2026-02-20 11:22:29.201000+00:00,HIGH_CELL_IMBALANCE,0.919,14.0
TEC0325A0600002,2026-02-20 11:22:59.197000+00:00,HIGH_CELL_IMBALANCE,0.919,14.0
TEC0325A0600002,2026-02-20 11:23:29.201000+00:00,HIGH_CELL_IMBALANCE,0.919,14.0
TEC0325A0600002,2026-02-20 11:23:59.195000+00:00,HIGH_CELL_IMBALANCE,0.919,14.0
TEC0325A0600002,2026-02-20 11:24:29.197000+00:00,HIGH_CELL_IMBALANCE,0.919,14.0
TEC0325A0600002,2026-02-20 11:24:59.196000+00:00,HIGH_CELL_IMBALANCE,0.919,14.0
TEC0325A0600002,2026-02-20 11:25:29.233000+00:00,HIGH_CELL_IMBALANCE,0.919,14.0
TEC0325A0600002,2026-02-20 11:25:59.196000+00:00,HIGH_CELL_IMBALANCE,0.919,14.0
TEC0325A0600002,2026-02-20 11:26:29.202000+00:00,HIGH_CELL_IMBALANCE,0.919,14.0
TEC0325A0600002,2026-02-20 11:26:59.200000+00:00,HIGH_CELL_IMBALANCE,0.9176,14.0
TEC0325A0600002,2026-02-20 11:27:29.199000+00:00,HIGH_CELL_IMBALANCE,0.9176,14.0
TEC0325A0600002,2026-02-20 11:27:59.195000+00:00,HIGH_CELL_IMBALANCE,0.9169,14.0
TEC0325A0600002,2026-02-20 11:28:29.199000+00:00,HIGH_CELL_IMBALANCE,0.9176,14.0
TEC0325A0600002,2026-02-20 11:28:59.196000+00:00,HIGH_CELL_IMBALANCE,0.9182,14.0
TEC0325A0600002,2026-02-20 11:29:29.197000+00:00,HIGH_CELL_IMBALANCE,0.9182,14.0
TEC0325A0600002,2026-02-20 11:29:59.201000+00:00,HIGH_CELL_IMBALANCE,0.9189,14.0
TEC0325A0600002,2026-02-20 11:30:29.199000+00:00,HIGH_CELL_IMBALANCE,0.9189,14.0
TEC0325A0600002,2026-02-20 11:30:59.220000+00:00,HIGH_CELL_IMBALANCE,0.9174,14.0
TEC0325A0600002,2026-02-20 11:31:29.207000+00:00,HIGH_CELL_IMBALANCE,0.9174,14.0
TEC0325A0600002,2026-02-20 11:31:59.198000+00:00,HIGH_CELL_IMBALANCE,0.9174,14.0
TEC0325A0600002,2026-02-20 11:32:29.201000+00:00,HIGH_CELL_IMBALANCE,0.9168,14.0
TEC0325A0600002,2026-02-20 11:32:59.195000+00:00,HIGH_CELL_IMBALANCE,0.9142,14.0
TEC0325A0600002,2026-02-20 11:33:29.200000+00:00,HIGH_CELL_IMBALANCE,0.9142,14.0
TEC0325A0600002,2026-02-20 11:33:59.204000+00:00,HIGH_CELL_IMBALANCE,0.911,14.0
TEC0325A0600002,2026-02-20 11:34:29.201000+00:00,HIGH_CELL_IMBALANCE,0.9103,14.0
TEC0325A0600002,2026-02-20 11:34:59.208000+00:00,HIGH_CELL_IMBALANCE,0.909,14.0
TEC0325A0600002,2026-02-20 11:35:29.208000+00:00,HIGH_CELL_IMBALANCE,0.9071,14.0
TEC0325A0600002,2026-02-20 11:35:59.200000+00:00,HIGH_CELL_IMBALANCE,0.9041,14.0
TEC0325A0600002,2026-02-20 11:36:29.239000+00:00,HIGH_CELL_IMBALANCE,0.8992,14.0
TEC0325A0600002,2026-02-20 11:36:59.195000+00:00,HIGH_CELL_IMBALANCE,0.8992,14.0
TEC0325A0600002,2026-02-20 11:37:29.203000+00:00,HIGH_CELL_IMBALANCE,0.8954,14.0
TEC0325A0600002,2026-02-20 11:37:59.196000+00:00,HIGH_CELL_IMBALANCE,0.8934,14.0
TEC0325A0600002,2026-02-20 11:38:29.208000+00:00,HIGH_CELL_IMBALANCE,0.8928,14.0
TEC0325A0600002,2026-02-20 11:38:59.193000+00:00,HIGH_CELL_IMBALANCE,0.8928,14.0
TEC0325A0600002,2026-02-20 11:39:29.204000+00:00,HIGH_CELL_IMBALANCE,0.8922,14.0
TEC0325A0600002,2026-02-20 11:39:59.197000+00:00,HIGH_CELL_IMBALANCE,0.8922,14.0
TEC0325A0600002,2026-02-20 11:40:29.198000+00:00,HIGH_CELL_IMBALANCE,0.8894,14.0
TEC0325A0600002,2026-02-20 11:40:59.198000+00:00,HIGH_CELL_IMBALANCE,0.8832,14.0
TEC0325A0600002,2026-02-20 11:41:29.205000+00:00,HIGH_CELL_IMBALANCE,0.8832,14.0
TEC0325A0600002,2026-02-20 11:41:59.233000+00:00,HIGH_CELL_IMBALANCE,0.8813,14.0
TEC0325A0600002,2026-02-20 11:42:29.200000+00:00,HIGH_CELL_IMBALANCE,0.8799,14.0
TEC0325A0600002,2026-02-20 11:42:59.196000+00:00,HIGH_CELL_IMBALANCE,0.871,14.0
TEC0325A0600002,2026-02-20 11:43:29.201000+00:00,HIGH_CELL_IMBALANCE,0.8685,14.0
TEC0325A0600002,2026-02-20 11:43:59.199000+00:00,HIGH_CELL_IMBALANCE,0.8685,14.0
TEC0325A0600002,2026-02-20 11:44:29.201000+00:00,HIGH_CELL_IMBALANCE,0.8665,14.0
TEC0325A0600002,2026-02-20 11:44:59.193000+00:00,HIGH_CELL_IMBALANCE,0.8569,14.0
TEC0325A0600002,2026-02-20 11:45:29.202000+00:00,HIGH_CELL_IMBALANCE,0.8557,14.0
TEC0325A0600002,2026-02-20 11:45:59.197000+00:00,HIGH_CELL_IMBALANCE,0.855,14.0
TEC0325A0600002,2026-02-20 11:46:29.201000+00:00,HIGH_CELL_IMBALANCE,0.8545,14.0
TEC0325A0600002,2026-02-20 11:46:59.192000+00:00,HIGH_CELL_IMBALANCE,0.8545,14.0
TEC0325A0600002,2026-02-20 11:47:29.233000+00:00,HIGH_CELL_IMBALANCE,0.8482,14.0
TEC0325A0600002,2026-02-20 11:47:59.200000+00:00,HIGH_CELL_IMBALANCE,0.8402,14.0
TEC0325A0600002,2026-02-20 11:48:29.199000+00:00,HIGH_CELL_IMBALANCE,0.8272,14.0
TEC0325A0600002,2026-02-20 11:48:59.201000+00:00,HIGH_CELL_IMBALANCE,0.8204,14.0
TEC0325A0600002,2026-02-20 11:49:29.197000+00:00,HIGH_CELL_IMBALANCE,0.8112,14.0
TEC0325A0600002,2026-02-20 11:49:59.204000+00:00,HIGH_CELL_IMBALANCE,0.7968,14.0
TEC0325A0600002,2026-02-20 11:50:29.195000+00:00,HIGH_CELL_IMBALANCE,0.7926,14.0
TEC0325A0600002,2026-02-20 11:50:59.199000+00:00,HIGH_CELL_IMBALANCE,0.7733,14.0
TEC0325A0600002,2026-02-20 11:51:29.208000+00:00,HIGH_CELL_IMBALANCE,0.7566,14.0
TEC0325A0600002,2026-02-20 11:51:59.198000+00:00,HIGH_CELL_IMBALANCE,0.7364,14.0
TEC0325A0600002,2026-02-20 11:52:29.207000+00:00,HIGH_CELL_IMBALANCE,0.7047,14.0
TEC0325A0600002,2026-02-20 11:52:59.240000+00:00,HIGH_CELL_IMBALANCE,0.5764,14.0
TEC0325A0600002,2026-02-20 11:53:29.203000+00:00,HIGH_CELL_IMBALANCE,0.5764,14.0
TEC0325A0600002,2026-02-20 11:53:59.202000+00:00,HIGH_CELL_IMBALANCE,0.5764,14.0
TEC0325A0600002,2026-02-20 13:08:29.202000+00:00,HIGH_CELL_IMBALANCE,0.5848,12.0
TEC0325A0600002,2026-02-20 13:08:59.199000+00:00,HIGH_CELL_IMBALANCE,0.5848,12.0
TEC0325A0600002,2026-02-20 13:09:29.204000+00:00,HIGH_CELL_IMBALANCE,0.5848,12.0
TEC0325A0600002,2026-02-20 13:09:59.228000+00:00,HIGH_CELL_IMBALANCE,0.5848,12.0
TEC0325A0600002,2026-02-20 13:10:29.206000+00:00,HIGH_CELL_IMBALANCE,0.5848,12.0
TEC0325A0600002,2026-02-20 13:10:59.195000+00:00,HIGH_CELL_IMBALANCE,0.5848,12.0
TEC0325A0600002,2026-02-20 13:11:29.200000+00:00,HIGH_CELL_IMBALANCE,0.5848,12.0
TEC0325A0600002,2026-02-20 13:11:59.196000+00:00,HIGH_CELL_IMBALANCE,0.5848,12.0
TEC0325A0600002,2026-02-20 13:12:29.197000+00:00,HIGH_CELL_IMBALANCE,0.5848,12.0
TEC0325A0600002,2026-02-20 13:12:59.200000+00:00,HIGH_CELL_IMBALANCE,0.5848,12.0
TEC0325A0600002,2026-02-20 13:13:29.204000+00:00,HIGH_CELL_IMBALANCE,0.5848,12.0
TEC0325A0600002,2026-02-20 13:13:59.195000+00:00,HIGH_CELL_IMBALANCE,0.5848,12.0
TEC0325A0600002,2026-02-20 13:14:29.203000+00:00,HIGH_CELL_IMBALANCE,0.5848,12.0
TEC0325A0600002,2026-02-20 13:14:59.202000+00:00,HIGH_CELL_IMBALANCE,0.5848,12.0
TEC0325A0600002,2026-02-20 13:15:29.215000+00:00,HIGH_CELL_IMBALANCE,0.5848,12.0
TEC0325A0600002,2026-02-20 13:15:59.201000+00:00,HIGH_CELL_IMBALANCE,0.5848,12.0
TEC0325A0600002,2026-02-20 13:16:29.202000+00:00,HIGH_CELL_IMBALANCE,0.5848,12.0
TEC0325A0600002,2026-02-20 13:16:59.197000+00:00,HIGH_CELL_IMBALANCE,0.5848,12.0
TEC0325A0600002,2026-02-20 13:17:29.208000+00:00,HIGH_CELL_IMBALANCE,0.5848,12.0
TEC0325A0600002,2026-02-20 13:17:59.196000+00:00,HIGH_CELL_IMBALANCE,0.5848,12.0
TEC0325A0600002,2026-02-20 13:18:29.200000+00:00,HIGH_CELL_IMBALANCE,0.5848,12.0
TEC0325A0600002,2026-02-20 13:18:59.195000+00:00,HIGH_CELL_IMBALANCE,0.5848,12.0
TEC0325A0600002,2026-02-20 13:19:29.201000+00:00,HIGH_CELL_IMBALANCE,0.5848,12.0
TEC0325A0600002,2026-02-20 13:19:59.197000+00:00,HIGH_CELL_IMBALANCE,0.5848,12.0
TEC0325A0600002,2026-02-20 13:20:29.203000+00:00,HIGH_CELL_IMBALANCE,0.5848,12.0
TEC0325A0600002,2026-02-20 13:20:59.260000+00:00,HIGH_CELL_IMBALANCE,0.5848,12.0
TEC0325A0600002,2026-02-20 13:21:29.204000+00:00,HIGH_CELL_IMBALANCE,0.5848,12.0
TEC0325A0600002,2026-02-20 13:21:59.196000+00:00,HIGH_CELL_IMBALANCE,0.5848,12.0
TEC0325A0600002,2026-02-20 13:22:29.199000+00:00,HIGH_CELL_IMBALANCE,0.5848,12.0
TEC0325A0600002,2026-02-20 13:22:59.199000+00:00,HIGH_CELL_IMBALANCE,0.5848,12.0
TEC0325A0600002,2026-02-20 13:23:29.199000+00:00,HIGH_CELL_IMBALANCE,0.5848,12.0
TEC0325A0600002,2026-02-20 13:23:59.196000+00:00,HIGH_CELL_IMBALANCE,0.5848,12.0
TEC0325A0600002,2026-02-20 13:24:29.200000+00:00,HIGH_CELL_IMBALANCE,0.5848,12.0
TEC0325A0600002,2026-02-20 13:24:59.196000+00:00,HIGH_CELL_IMBALANCE,0.5848,12.0
TEC0325A0600002,2026-02-20 13:25:29.199000+00:00,HIGH_CELL_IMBALANCE,0.5848,12.0
TEC0325A0600002,2026-02-20 13:25:59.199000+00:00,HIGH_CELL_IMBALANCE,0.5848,12.0
TEC0325A0600002,2026-02-20 13:26:29.229000+00:00,HIGH_CELL_IMBALANCE,0.5848,12.0
TEC0325A0600002,2026-02-20 13:26:59.192000+00:00,HIGH_CELL_IMBALANCE,0.5848,12.0
TEC0325A0600002,2026-02-20 13:27:29.201000+00:00,HIGH_CELL_IMBALANCE,0.5848,12.0
TEC0325A0600002,2026-02-20 13:27:59.198000+00:00,HIGH_CELL_IMBALANCE,0.5848,12.0
TEC0325A0600002,2026-02-20 13:28:29.201000+00:00,HIGH_CELL_IMBALANCE,0.5848,12.0
TEC0325A0600002,2026-02-20 13:28:59.195000+00:00,HIGH_CELL_IMBALANCE,0.5848,12.0
TEC0325A0600002,2026-02-20 13:29:29.198000+00:00,HIGH_CELL_IMBALANCE,0.5848,12.0
TEC0325A0600002,2026-02-20 13:29:59.197000+00:00,HIGH_CELL_IMBALANCE,0.5848,12.0
TEC0325A0600002,2026-02-20 13:30:29.199000+00:00,HIGH_CELL_IMBALANCE,0.5848,12.0
TEC0325A0600002,2026-02-20 13:30:59.200000+00:00,HIGH_CELL_IMBALANCE,0.5848,12.0
TEC0325A0600002,2026-02-20 13:31:29.203000+00:00,HIGH_CELL_IMBALANCE,0.5848,12.0
TEC0325A0600002,2026-02-20 13:31:59.268000+00:00,HIGH_CELL_IMBALANCE,0.5848,12.0
TEC0325A0600002,2026-02-20 13:32:29.203000+00:00,HIGH_CELL_IMBALANCE,0.5848,12.0
TEC0325A0600002,2026-02-20 13:32:59.195000+00:00,HIGH_CELL_IMBALANCE,0.5848,12.0
TEC0325A0600002,2026-02-20 13:33:29.198000+00:00,HIGH_CELL_IMBALANCE,0.5848,12.0
TEC0325A0600002,2026-02-20 13:33:59.196000+00:00,HIGH_CELL_IMBALANCE,0.5848,12.0
TEC0325A0600002,2026-02-20 13:34:29.201000+00:00,HIGH_CELL_IMBALANCE,0.5848,12.0
TEC0325A0600002,2026-02-20 13:34:59.213000+00:00,HIGH_CELL_IMBALANCE,0.5848,12.0
TEC0325A0600002,2026-02-20 13:35:29.201000+00:00,HIGH_CELL_IMBALANCE,0.5848,12.0
TEC0325A0600002,2026-02-20 13:35:59.196000+00:00,HIGH_CELL_IMBALANCE,0.5848,12.0
TEC0325A0600002,2026-02-20 13:36:29.200000+00:00,HIGH_CELL_IMBALANCE,0.5848,12.0
TEC0325A0600002,2026-02-20 13:36:59.197000+00:00,HIGH_CELL_IMBALANCE,0.5848,12.0
TEC0325A0600002,2026-02-20 13:37:29.275000+00:00,HIGH_CELL_IMBALANCE,0.5848,12.0
TEC0325A0600002,2026-02-20 13:37:59.195000+00:00,HIGH_CELL_IMBALANCE,0.5848,12.0
TEC0325A0600002,2026-02-20 13:38:29.200000+00:00,HIGH_CELL_IMBALANCE,0.5848,12.0
TEC0325A0600002,2026-02-20 13:38:59.195000+00:00,HIGH_CELL_IMBALANCE,0.5848,12.0
TEC0325A0600002,2026-02-20 13:39:29.214000+00:00,HIGH_CELL_IMBALANCE,0.5848,12.0
TEC0325A0600002,2026-02-20 13:39:59.198000+00:00,HIGH_CELL_IMBALANCE,0.5848,12.0
TEC0325A0600002,2026-02-20 13:40:29.200000+00:00,HIGH_CELL_IMBALANCE,0.5848,12.0
TEC0325A0600002,2026-02-20 13:40:59.195000+00:00,HIGH_CELL_IMBALANCE,0.5848,12.0
TEC0325A0600002,2026-02-20 13:41:29.201000+00:00,HIGH_CELL_IMBALANCE,0.5848,12.0
TEC0325A0600002,2026-02-20 13:41:59.195000+00:00,HIGH_CELL_IMBALANCE,0.5848,12.0
TEC0325A0600002,2026-02-20 13:42:29.200000+00:00,HIGH_CELL_IMBALANCE,0.5848,12.0
TEC0325A0600002,2026-02-20 13:42:59.265000+00:00,HIGH_CELL_IMBALANCE,0.5848,12.0
TEC0325A0600002,2026-02-20 13:43:29.198000+00:00,HIGH_CELL_IMBALANCE,0.5848,12.0
TEC0325A0600002,2026-02-20 13:43:59.221000+00:00,HIGH_CELL_IMBALANCE,0.5848,12.0
TEC0325A0600002,2026-02-20 13:44:29.207000+00:00,HIGH_CELL_IMBALANCE,0.5848,12.0
TEC0325A0600002,2026-02-20 13:44:59.200000+00:00,HIGH_CELL_IMBALANCE,0.5848,12.0
TEC0325A0600002,2026-02-20 13:45:29.192000+00:00,HIGH_CELL_IMBALANCE,0.5848,12.0
TEC0325A0600002,2026-02-20 13:45:59.206000+00:00,HIGH_CELL_IMBALANCE,0.5848,12.0
TEC0325A0600002,2026-02-20 13:46:29.200000+00:00,HIGH_CELL_IMBALANCE,0.5848,12.0
TEC0325A0600002,2026-02-20 13:46:59.200000+00:00,HIGH_CELL_IMBALANCE,0.5848,12.0
TEC0325A0600002,2026-02-20 13:47:29.200000+00:00,HIGH_CELL_IMBALANCE,0.5848,12.0
TEC0325A0600002,2026-02-20 13:47:59.201000+00:00,HIGH_CELL_IMBALANCE,0.5848,12.0
TEC0325A0600002,2026-02-20 13:48:29.270000+00:00,HIGH_CELL_IMBALANCE,0.5848,12.0
TEC0325A0600002,2026-02-20 13:48:59.196000+00:00,HIGH_CELL_IMBALANCE,0.5848,12.0
TEC0325A0600002,2026-02-20 13:49:29.200000+00:00,HIGH_CELL_IMBALANCE,0.5848,12.0
TEC0325A0600002,2026-02-20 13:49:59.200000+00:00,HIGH_CELL_IMBALANCE,0.5848,12.0
TEC0325A0600002,2026-02-20 13:50:29.199000+00:00,HIGH_CELL_IMBALANCE,0.5848,12.0
TEC0325A0600002,2026-02-20 13:50:59.199000+00:00,HIGH_CELL_IMBALANCE,0.5848,12.0
TEC0325A0600002,2026-02-20 13:51:29.202000+00:00,HIGH_CELL_IMBALANCE,0.5848,12.0
TEC0325A0600002,2026-02-20 13:51:59.199000+00:00,HIGH_CELL_IMBALANCE,0.5848,12.0
TEC0325A0600002,2026-02-20 13:52:29.205000+00:00,HIGH_CELL_IMBALANCE,0.5848,12.0
TEC0325A0600002,2026-02-20 13:52:59.195000+00:00,HIGH_CELL_IMBALANCE,0.5848,12.0
TEC0325A0600002,2026-02-20 13:53:29.204000+00:00,HIGH_CELL_IMBALANCE,0.5848,12.0
TEC0325A0600002,2026-02-20 13:53:59.273000+00:00,HIGH_CELL_IMBALANCE,0.5848,12.0
TEC0325A0600002,2026-02-20 13:54:29.200000+00:00,HIGH_CELL_IMBALANCE,0.5848,12.0
TEC0325A0600002,2026-02-20 13:54:59.196000+00:00,HIGH_CELL_IMBALANCE,0.5848,12.0
TEC0325A0600002,2026-02-20 13:55:29.199000+00:00,HIGH_CELL_IMBALANCE,0.5848,12.0
TEC0325A0600002,2026-02-20 13:55:59.200000+00:00,HIGH_CELL_IMBALANCE,0.5848,12.0
TEC0325A0600002,2026-02-20 13:56:29.202000+00:00,HIGH_CELL_IMBALANCE,0.5848,12.0
TEC0325A0600002,2026-02-20 13:56:59.197000+00:00,HIGH_CELL_IMBALANCE,0.5848,12.0
TEC0325A0600002,2026-02-20 13:57:29.201000+00:00,HIGH_CELL_IMBALANCE,0.5848,12.0
TEC0325A0600002,2026-02-20 13:57:59.196000+00:00,HIGH_CELL_IMBALANCE,0.5848,12.0
TEC0325A0600002,2026-02-20 13:58:29.203000+00:00,HIGH_CELL_IMBALANCE,0.5848,12.0
TEC0325A0600002,2026-02-20 13:58:59.200000+00:00,HIGH_CELL_IMBALANCE,0.5848,12.0
TEC0325A0600002,2026-02-20 13:59:29.244000+00:00,HIGH_CELL_IMBALANCE,0.5848,12.0
TEC0325A0600002,2026-02-20 13:59:59.198000+00:00,HIGH_CELL_IMBALANCE,0.5848,12.0
TEC0325A0600002,2026-02-20 14:00:29.211000+00:00,HIGH_CELL_IMBALANCE,0.5848,12.0
TEC0325A0600002,2026-02-20 14:00:59.199000+00:00,HIGH_CELL_IMBALANCE,0.5848,12.0
TEC0325A0600002,2026-02-20 14:01:29.199000+00:00,HIGH_CELL_IMBALANCE,0.5848,12.0
TEC0325A0600002,2026-02-20 14:01:59.196000+00:00,HIGH_CELL_IMBALANCE,0.5848,12.0
TEC0325A0600002,2026-02-20 14:02:29.200000+00:00,HIGH_CELL_IMBALANCE,0.5848,12.0
TEC0325A0600002,2026-02-20 14:02:59.195000+00:00,HIGH_CELL_IMBALANCE,0.5848,12.0
TEC0325A0600002,2026-02-20 14:03:29.205000+00:00,HIGH_CELL_IMBALANCE,0.5848,12.0
TEC0325A0600002,2026-02-20 14:03:59.195000+00:00,HIGH_CELL_IMBALANCE,0.5848,12.0
TEC0325A0600002,2026-02-20 14:04:29.198000+00:00,HIGH_CELL_IMBALANCE,0.5848,12.0
TEC0325A0600002,2026-02-20 14:04:59.212000+00:00,HIGH_CELL_IMBALANCE,0.5848,12.0
TEC0325A0600002,2026-02-20 14:05:29.198000+00:00,HIGH_CELL_IMBALANCE,0.5848,12.0
TEC0325A0600002,2026-02-20 14:05:59.200000+00:00,HIGH_CELL_IMBALANCE,0.5848,12.0
TEC0325A0600002,2026-02-20 14:06:29.203000+00:00,HIGH_CELL_IMBALANCE,0.5848,12.0
TEC0325A0600002,2026-02-20 14:06:59.201000+00:00,HIGH_CELL_IMBALANCE,0.5848,12.0
TEC0325A0600002,2026-02-20 14:07:29.207000+00:00,HIGH_CELL_IMBALANCE,0.5848,12.0
TEC0325A0600002,2026-02-20 14:07:59.198000+00:00,HIGH_CELL_IMBALANCE,0.5848,12.0
TEC0325A0600002,2026-02-20 14:08:29.205000+00:00,HIGH_CELL_IMBALANCE,0.5848,12.0
TEC0325A0600002,2026-02-20 14:08:59.196000+00:00,HIGH_CELL_IMBALANCE,0.5848,12.0
TEC0325A0600002,2026-02-20 14:09:29.204000+00:00,HIGH_CELL_IMBALANCE,0.5848,12.0
TEC0325A0600002,2026-02-20 14:09:59.201000+00:00,HIGH_CELL_IMBALANCE,0.5848,12.0
TEC0325A0600002,2026-02-20 14:10:29.269000+00:00,HIGH_CELL_IMBALANCE,0.5848,12.0
TEC0325A0600002,2026-02-20 14:10:59.197000+00:00,HIGH_CELL_IMBALANCE,0.5848,12.0
TEC0325A0600002,2026-02-20 14:11:29.202000+00:00,HIGH_CELL_IMBALANCE,0.5848,12.0
TEC0325A0600002,2026-02-20 14:11:59.196000+00:00,HIGH_CELL_IMBALANCE,0.5848,12.0
TEC0325A0600002,2026-02-20 14:12:29.204000+00:00,HIGH_CELL_IMBALANCE,0.5848,12.0
TEC0325A0600002,2026-02-20 14:12:59.200000+00:00,HIGH_CELL_IMBALANCE,0.5848,12.0
TEC0325A0600002,2026-02-20 14:13:29.203000+00:00,HIGH_CELL_IMBALANCE,0.5848,12.0
TEC0325A0600002,2026-02-20 14:13:59.196000+00:00,HIGH_CELL_IMBALANCE,0.5848,12.0
TEC0325A0600002,2026-02-20 14:14:29.209000+00:00,HIGH_CELL_IMBALANCE,0.5848,12.0
TEC0325A0600002,2026-02-20 14:14:59.199000+00:00,HIGH_CELL_IMBALANCE,0.5848,12.0
TEC0325A0600002,2026-02-20 14:15:29.200000+00:00,HIGH_CELL_IMBALANCE,0.5848,12.0
TEC0325A0600002,2026-02-20 14:15:59.229000+00:00,HIGH_CELL_IMBALANCE,0.5848,12.0
TEC0325A0600002,2026-02-20 14:16:29.202000+00:00,HIGH_CELL_IMBALANCE,0.5848,12.0
TEC0325A0600002,2026-02-20 14:16:59.196000+00:00,HIGH_CELL_IMBALANCE,0.5848,12.0
TEC0325A0600002,2026-02-20 16:07:29.199000+00:00,HIGH_CELL_IMBALANCE,0.5848,12.0
TEC0325A0600002,2026-02-20 16:07:59.196000+00:00,HIGH_CELL_IMBALANCE,0.5848,12.0
TEC0325A0600002,2026-02-20 16:08:29.199000+00:00,HIGH_CELL_IMBALANCE,0.5848,12.0
TEC0325A0600002,2026-02-20 16:08:59.196000+00:00,HIGH_CELL_IMBALANCE,0.5848,12.0
TEC0325A0600002,2026-02-20 16:09:29.194000+00:00,HIGH_CELL_IMBALANCE,0.5848,12.0
TEC0325A0600002,2026-02-20 16:09:59.195000+00:00,HIGH_CELL_IMBALANCE,0.5848,12.0
TEC0325A0600002,2026-02-20 16:10:29.199000+00:00,HIGH_CELL_IMBALANCE,0.5848,12.0
TEC0325A0600002,2026-02-20 16:10:59.195000+00:00,HIGH_CELL_IMBALANCE,0.5848,12.0
TEC0325A0600002,2026-02-20 16:11:29.230000+00:00,HIGH_CELL_IMBALANCE,0.5848,12.0
TEC0325A0600002,2026-02-20 16:11:59.195000+00:00,HIGH_CELL_IMBALANCE,0.5848,12.0
TEC0325A0600002,2026-02-20 16:12:29.203000+00:00,HIGH_CELL_IMBALANCE,0.5848,12.0
TEC0325A0600002,2026-02-20 16:12:59.195000+00:00,HIGH_CELL_IMBALANCE,0.5848,12.0
TEC0325A0600002,2026-02-20 16:13:29.201000+00:00,HIGH_CELL_IMBALANCE,0.5848,12.0
TEC0325A0600002,2026-02-20 16:13:59.191000+00:00,HIGH_CELL_IMBALANCE,0.5848,12.0
TEC0325A0600002,2026-02-20 16:14:29.199000+00:00,HIGH_CELL_IMBALANCE,0.5848,12.0
TEC0325A0600002,2026-02-20 16:14:59.195000+00:00,HIGH_CELL_IMBALANCE,0.5848,12.0
TEC0325A0600002,2026-02-20 16:15:29.198000+00:00,HIGH_CELL_IMBALANCE,0.5848,12.0
TEC0325A0600002,2026-02-20 16:15:59.194000+00:00,HIGH_CELL_IMBALANCE,0.5848,12.0
TEC0325A0600002,2026-02-20 16:16:29.199000+00:00,HIGH_CELL_IMBALANCE,0.5848,12.0
TEC0325A0600002,2026-02-20 16:16:59.258000+00:00,HIGH_CELL_IMBALANCE,0.5848,12.0
TEC0325A0600002,2026-02-20 16:17:29.201000+00:00,HIGH_CELL_IMBALANCE,0.5848,12.0
TEC0325A0600002,2026-02-20 16:18:29.197000+00:00,HIGH_CELL_IMBALANCE,0.5848,12.0
TEC0325A0600002,2026-02-20 16:22:59.195000+00:00,HIGH_CELL_IMBALANCE,0.5848,12.0
TEC0325A0600002,2026-02-20 16:23:29.199000+00:00,HIGH_CELL_IMBALANCE,0.5848,12.0
TEC0325A0600002,2026-02-20 16:24:29.197000+00:00,HIGH_CELL_IMBALANCE,0.5848,12.0
TEC0325A0600002,2026-02-20 16:24:59.195000+00:00,HIGH_CELL_IMBALANCE,0.5848,12.0
TEC0325A0600002,2026-02-20 16:32:29.198000+00:00,HIGH_CELL_IMBALANCE,0.5848,12.0
TEC0325A0600002,2026-02-20 16:32:59.194000+00:00,HIGH_CELL_IMBALANCE,0.5848,12.0
TEC0325A0600002,2026-02-20 16:33:29.250000+00:00,HIGH_CELL_IMBALANCE,0.5848,12.0
TEC0325A0600002,2026-02-20 16:33:59.195000+00:00,HIGH_CELL_IMBALANCE,0.5848,12.0
TEC0325A0600002,2026-02-20 16:34:29.200000+00:00,HIGH_CELL_IMBALANCE,0.5848,12.0
TEC0325A0600002,2026-02-20 16:34:59.196000+00:00,HIGH_CELL_IMBALANCE,0.5848,12.0
TEC0325A0600002,2026-02-20 16:35:29.199000+00:00,HIGH_CELL_IMBALANCE,0.5848,12.0
TEC0325A0600002,2026-02-20 16:35:59.195000+00:00,HIGH_CELL_IMBALANCE,0.5848,12.0
TEC0325A0600002,2026-02-20 16:38:59.223000+00:00,HIGH_CELL_IMBALANCE,0.5848,12.0
TEC0325A0600002,2026-02-20 16:39:59.195000+00:00,HIGH_CELL_IMBALANCE,0.5848,12.0
TEC0325A0600002,2026-02-20 16:40:29.201000+00:00,HIGH_CELL_IMBALANCE,0.5848,12.0
TEC0325A0600002,2026-02-20 16:41:29.198000+00:00,HIGH_CELL_IMBALANCE,0.5848,12.0
TEC0325A0600002,2026-02-20 16:41:59.195000+00:00,HIGH_CELL_IMBALANCE,0.5848,12.0
TEC0325A0600002,2026-02-20 16:42:29.199000+00:00,HIGH_CELL_IMBALANCE,0.5848,12.0
TEC0325A0600002,2026-02-20 16:42:59.195000+00:00,HIGH_CELL_IMBALANCE,0.5848,12.0
TEC0325A0600002,2026-02-20 16:43:59.195000+00:00,HIGH_CELL_IMBALANCE,0.5848,12.0
TEC0325A0600002,2026-02-20 16:44:29.208000+00:00,HIGH_CELL_IMBALANCE,0.5848,12.0
TEC0325A0600002,2026-02-20 16:44:59.197000+00:00,HIGH_CELL_IMBALANCE,0.5848,12.0
TEC0325A0600002,2026-02-20 16:45:59.195000+00:00,HIGH_CELL_IMBALANCE,0.5848,12.0
TEC0325A0600002,2026-02-20 16:46:29.197000+00:00,HIGH_CELL_IMBALANCE,0.5848,12.0
TEC0325A0600002,2026-02-20 16:49:29.200000+00:00,HIGH_CELL_IMBALANCE,0.5848,12.0
TEC0725A0600013,2026-02-04 07:48:36.301000+00:00,EXCESSIVE_DISCHARGE_RATE,0.8699,100.0
TEC0725A0600013,2026-02-04 07:49:06.290000+00:00,EXCESSIVE_DISCHARGE_RATE,0.9098,100.0
TEC0725A0600013,2026-02-04 07:49:36.290000+00:00,STATISTICAL_ANOMALY,0.6516,6.516
TEC0725A0600013,2026-02-04 07:50:06.287000+00:00,STATISTICAL_ANOMALY,0.6826,6.8261
TEC0725A0600013,2026-02-04 07:50:36.286000+00:00,EXCESSIVE_DISCHARGE_RATE,0.9666,100.0
TEC0725A0600013,2026-02-04 07:51:06.296000+00:00,EXCESSIVE_DISCHARGE_RATE,0.9739,100.0
TEC0725A0600013,2026-02-04 07:51:36.290000+00:00,STATISTICAL_ANOMALY,0.7287,7.2868
TEC0725A0600013,2026-02-04 07:52:06.286000+00:00,STATISTICAL_ANOMALY,0.7334,7.3336
TEC0725A0600013,2026-02-04 07:52:36.297000+00:00,EXCESSIVE_DISCHARGE_RATE,0.9818,100.0
TEC0725A0600013,2026-02-04 07:53:06.336000+00:00,EXCESSIVE_DISCHARGE_RATE,0.9818,100.0
TEC0725A0600013,2026-02-04 07:53:36.285000+00:00,STATISTICAL_ANOMALY,0.738,7.3805
TEC0725A0600013,2026-02-04 07:54:06.289000+00:00,STATISTICAL_ANOMALY,0.7416,7.4157
TEC0725A0600013,2026-02-04 07:54:36.287000+00:00,STATISTICAL_ANOMALY,0.7416,7.4157
TEC0725A0600013,2026-02-04 07:55:06.285000+00:00,STATISTICAL_ANOMALY,0.7416,7.4157
TEC0725A0600013,2026-02-04 07:55:36.285000+00:00,STATISTICAL_ANOMALY,0.7416,7.4157
TEC0725A0600013,2026-02-04 07:56:06.285000+00:00,STATISTICAL_ANOMALY,0.7416,7.4157
TEC0725A0600013,2026-02-04 07:56:36.290000+00:00,EXCESSIVE_DISCHARGE_RATE,0.9885,100.0
TEC0725A0600013,2026-02-04 07:57:06.289000+00:00,EXCESSIVE_DISCHARGE_RATE,0.9885,100.0
TEC0725A0600013,2026-02-04 07:57:36.285000+00:00,STATISTICAL_ANOMALY,0.7494,7.494
TEC0725A0600013,2026-02-04 07:58:06.286000+00:00,STATISTICAL_ANOMALY,0.7494,7.494
TEC0725A0600013,2026-02-04 07:58:36.367000+00:00,EXCESSIVE_DISCHARGE_RATE,0.9885,100.0
TEC0725A0600013,2026-02-04 07:59:06.288000+00:00,EXCESSIVE_DISCHARGE_RATE,0.9885,100.0
TEC0725A0600013,2026-02-04 07:59:36.286000+00:00,STATISTICAL_ANOMALY,0.7494,7.494
TEC0725A0600013,2026-02-04 08:00:06.320000+00:00,STATISTICAL_ANOMALY,0.7494,7.494
TEC0725A0600013,2026-02-04 08:00:36.283000+00:00,EXCESSIVE_DISCHARGE_RATE,0.9885,100.0
TEC0725A0600013,2026-02-04 08:01:06.286000+00:00,EXCESSIVE_DISCHARGE_RATE,0.9885,100.0
TEC0725A0600013,2026-02-04 08:01:36.295000+00:00,STATISTICAL_ANOMALY,0.7494,7.494
TEC0725A0600013,2026-02-04 08:02:06.287000+00:00,STATISTICAL_ANOMALY,0.7494,7.494
TEC0725A0600013,2026-02-04 08:02:36.285000+00:00,EXCESSIVE_DISCHARGE_RATE,0.9885,100.0
TEC0725A0600013,2026-02-04 08:03:06.285000+00:00,EXCESSIVE_DISCHARGE_RATE,0.9885,100.0
TEC0725A0600013,2026-02-04 08:03:36.289000+00:00,STATISTICAL_ANOMALY,0.7494,7.494
TEC0725A0600013,2026-02-04 08:04:06.377000+00:00,STATISTICAL_ANOMALY,0.7494,7.494
TEC0725A0600013,2026-02-04 08:04:36.299000+00:00,STATISTICAL_ANOMALY,0.7262,7.2615
TEC0725A0600013,2026-02-04 08:05:06.287000+00:00,STATISTICAL_ANOMALY,0.7262,7.2615
TEC0725A0600013,2026-02-04 08:05:36.287000+00:00,STATISTICAL_ANOMALY,0.7248,7.2479
TEC0725A0600013,2026-02-04 08:06:06.285000+00:00,STATISTICAL_ANOMALY,0.7248,7.2479
TEC0725A0600013,2026-02-04 08:06:36.292000+00:00,EXCESSIVE_DISCHARGE_RATE,0.9859,100.0
TEC0725A0600013,2026-02-04 08:07:06.290000+00:00,EXCESSIVE_DISCHARGE_RATE,0.9859,100.0
TEC0725A0600013,2026-02-04 08:07:36.290000+00:00,STATISTICAL_ANOMALY,0.7225,7.2247
TEC0725A0600013,2026-02-04 08:08:06.287000+00:00,STATISTICAL_ANOMALY,0.7225,7.2247
TEC0725A0600013,2026-02-04 08:08:36.288000+00:00,STATISTICAL_ANOMALY,0.7225,7.2247
TEC0725A0600013,2026-02-04 08:09:06.287000+00:00,EXCESSIVE_DISCHARGE_RATE,0.9864,100.0
TEC0725A0600013,2026-02-04 08:09:36.378000+00:00,EXCESSIVE_DISCHARGE_RATE,0.9864,100.0
TEC0725A0600013,2026-02-04 08:10:06.285000+00:00,STATISTICAL_ANOMALY,0.7416,7.4157
TEC0725A0600013,2026-02-04 08:10:36.289000+00:00,STATISTICAL_ANOMALY,0.7416,7.4157
TEC0725A0600013,2026-02-04 08:11:06.287000+00:00,EXCESSIVE_DISCHARGE_RATE,0.9864,100.0
TEC0725A0600013,2026-02-04 08:11:36.284000+00:00,EXCESSIVE_DISCHARGE_RATE,0.9864,100.0
TEC0725A0600013,2026-02-04 08:12:06.287000+00:00,STATISTICAL_ANOMALY,0.7416,7.4157
TEC0725A0600013,2026-02-04 08:12:36.292000+00:00,STATISTICAL_ANOMALY,0.7416,7.4157
TEC0725A0600013,2026-02-04 08:13:06.284000+00:00,STATISTICAL_ANOMALY,0.7225,7.2247
TEC0725A0600013,2026-02-04 08:13:36.286000+00:00,STATISTICAL_ANOMALY,0.7225,7.2247
TEC0725A0600013,2026-02-04 08:14:06.287000+00:00,STATISTICAL_ANOMALY,0.7196,7.1956
TEC0725A0600013,2026-02-04 08:14:36.284000+00:00,STATISTICAL_ANOMALY,0.7196,7.1956
TEC0725A0600013,2026-02-04 08:15:06.393000+00:00,EXCESSIVE_DISCHARGE_RATE,0.9859,100.0
TEC0725A0600013,2026-02-04 08:15:36.287000+00:00,EXCESSIVE_DISCHARGE_RATE,0.9852,100.0
TEC0725A0600013,2026-02-04 08:16:06.288000+00:00,STATISTICAL_ANOMALY,0.7108,7.1084
TEC0725A0600013,2026-02-04 08:16:36.292000+00:00,STATISTICAL_ANOMALY,0.7108,7.1084
TEC0725A0600013,2026-02-04 08:17:06.287000+00:00,EXCESSIVE_DISCHARGE_RATE,0.9812,100.0
TEC0725A0600013,2026-02-04 08:17:36.286000+00:00,EXCESSIVE_DISCHARGE_RATE,0.9812,100.0
TEC0725A0600013,2026-02-04 08:18:06.287000+00:00,STATISTICAL_ANOMALY,0.7108,7.1084
TEC0725A0600013,2026-02-04 08:18:36.288000+00:00,STATISTICAL_ANOMALY,0.7108,7.1084
TEC0725A0600013,2026-02-04 08:19:06.287000+00:00,EXCESSIVE_DISCHARGE_RATE,0.9812,100.0
TEC0725A0600013,2026-02-04 08:19:36.285000+00:00,EXCESSIVE_DISCHARGE_RATE,0.9805,100.0
TEC0725A0600013,2026-02-04 08:20:06.304000+00:00,STATISTICAL_ANOMALY,0.7103,7.1026
TEC0725A0600013,2026-02-04 08:20:36.349000+00:00,STATISTICAL_ANOMALY,0.7097,7.0968
TEC0725A0600013,2026-02-04 08:21:06.286000+00:00,EXCESSIVE_DISCHARGE_RATE,0.9805,100.0
TEC0725A0600013,2026-02-04 08:21:36.289000+00:00,EXCESSIVE_DISCHARGE_RATE,0.9805,100.0
TEC0725A0600013,2026-02-04 08:22:06.284000+00:00,STATISTICAL_ANOMALY,0.7103,7.1026
TEC0725A0600013,2026-02-04 08:22:36.285000+00:00,STATISTICAL_ANOMALY,0.7097,7.0968
TEC0725A0600013,2026-02-04 08:23:06.286000+00:00,STATISTICAL_ANOMALY,0.7097,7.0968
TEC0725A0600013,2026-02-04 08:23:36.285000+00:00,STATISTICAL_ANOMALY,0.7097,7.0968
TEC0725A0600013,2026-02-04 08:24:06.286000+00:00,STATISTICAL_ANOMALY,0.7097,7.0968
TEC0725A0600013,2026-02-04 08:24:36.291000+00:00,STATISTICAL_ANOMALY,0.7097,7.0968
TEC0725A0600013,2026-02-04 08:25:06.286000+00:00,EXCESSIVE_DISCHARGE_RATE,1.0,100.0
TEC0725A0600013,2026-02-04 08:25:36.286000+00:00,EXCESSIVE_DISCHARGE_RATE,1.0,100.0
TEC0725A0600013,2026-02-04 08:26:06.383000+00:00,STATISTICAL_ANOMALY,0.7762,7.7622
TEC0725A0600013,2026-02-04 08:26:36.287000+00:00,STATISTICAL_ANOMALY,0.7714,7.7143
TEC0725A0600013,2026-02-04 08:27:06.288000+00:00,EXCESSIVE_DISCHARGE_RATE,0.9986,100.0
TEC0725A0600013,2026-02-04 08:27:36.284000+00:00,EXCESSIVE_DISCHARGE_RATE,0.9986,100.0
TEC0725A0600013,2026-02-04 08:28:06.289000+00:00,STATISTICAL_ANOMALY,0.7714,7.7143
TEC0725A0600013,2026-02-04 08:28:36.283000+00:00,STATISTICAL_ANOMALY,0.7714,7.7143
TEC0725A0600013,2026-02-04 08:29:06.286000+00:00,EXCESSIVE_DISCHARGE_RATE,0.9986,100.0
TEC0725A0600013,2026-02-04 08:29:36.289000+00:00,EXCESSIVE_DISCHARGE_RATE,0.9986,100.0
TEC0725A0600013,2026-02-04 08:30:06.288000+00:00,STATISTICAL_ANOMALY,0.7714,7.7143
TEC0725A0600013,2026-02-04 08:30:36.291000+00:00,STATISTICAL_ANOMALY,0.7714,7.7143
TEC0725A0600013,2026-02-04 08:31:06.287000+00:00,STATISTICAL_ANOMALY,0.7714,7.7143
TEC0725A0600013,2026-02-04 08:31:36.360000+00:00,STATISTICAL_ANOMALY,0.7714,7.7143
TEC0725A0600013,2026-02-04 08:32:06.293000+00:00,STATISTICAL_ANOMALY,0.7714,7.7143
TEC0725A0600013,2026-02-04 08:32:36.285000+00:00,STATISTICAL_ANOMALY,0.7675,7.6747
TEC0725A0600013,2026-02-04 08:33:06.286000+00:00,EXCESSIVE_DISCHARGE_RATE,0.9986,100.0
TEC0725A0600013,2026-02-04 08:33:36.285000+00:00,EXCESSIVE_DISCHARGE_RATE,0.9986,100.0
TEC0725A0600013,2026-02-04 08:34:06.289000+00:00,STATISTICAL_ANOMALY,0.7624,7.6241
TEC0725A0600013,2026-02-04 08:34:36.289000+00:00,STATISTICAL_ANOMALY,0.7624,7.6241
TEC0725A0600013,2026-02-04 08:35:06.283000+00:00,EXCESSIVE_DISCHARGE_RATE,0.9973,100.0
TEC0725A0600013,2026-02-04 08:35:36.286000+00:00,EXCESSIVE_DISCHARGE_RATE,0.9959,100.0
TEC0725A0600013,2026-02-04 08:36:06.288000+00:00,STATISTICAL_ANOMALY,0.7463,7.4628
TEC0725A0600013,2026-02-04 08:36:36.282000+00:00,STATISTICAL_ANOMALY,0.7433,7.4334
TEC0725A0600013,2026-02-04 08:37:06.324000+00:00,EXCESSIVE_DISCHARGE_RATE,0.9926,100.0
TEC0725A0600013,2026-02-04 08:37:36.283000+00:00,EXCESSIVE_DISCHARGE_RATE,0.9892,100.0
TEC0725A0600013,2026-02-04 08:38:06.287000+00:00,STATISTICAL_ANOMALY,0.7312,7.312
TEC0725A0600013,2026-02-04 08:38:36.282000+00:00,STATISTICAL_ANOMALY,0.7282,7.2816
TEC0725A0600013,2026-02-04 08:39:06.289000+00:00,EXCESSIVE_DISCHARGE_RATE,0.9819,100.0
TEC0725A0600013,2026-02-04 08:39:36.285000+00:00,EXCESSIVE_DISCHARGE_RATE,0.9739,100.0
TEC0725A0600013,2026-02-04 08:40:06.286000+00:00,STATISTICAL_ANOMALY,0.6988,6.9881
TEC0725A0600013,2026-02-04 08:40:36.285000+00:00,STATISTICAL_ANOMALY,0.6971,6.9709
TEC0725A0600013,2026-02-04 08:41:06.284000+00:00,STATISTICAL_ANOMALY,0.6925,6.9251
TEC0725A0600013,2026-02-04 08:41:36.284000+00:00,STATISTICAL_ANOMALY,0.6838,6.8382
TEC0725A0600013,2026-02-04 08:42:06.284000+00:00,STATISTICAL_ANOMALY,0.6821,6.8211
TEC0725A0600013,2026-02-04 08:42:36.345000+00:00,STATISTICAL_ANOMALY,0.6709,6.7089
TEC0725A0600013,2026-02-04 08:43:06.283000+00:00,STATISTICAL_ANOMALY,0.6574,6.5742
TEC0725A0600013,2026-02-04 08:43:36.288000+00:00,EXCESSIVE_DISCHARGE_RATE,0.9512,100.0
TEC0725A0600013,2026-02-04 08:44:06.288000+00:00,EXCESSIVE_DISCHARGE_RATE,0.9433,100.0
TEC0725A0600013,2026-02-04 08:44:36.283000+00:00,STATISTICAL_ANOMALY,0.6359,6.3592
TEC0725A0600013,2026-02-04 08:45:06.287000+00:00,STATISTICAL_ANOMALY,0.6249,6.249
TEC0725A0600013,2026-02-04 08:45:36.285000+00:00,EXCESSIVE_DISCHARGE_RATE,0.9315,100.0
TEC0725A0600013,2026-02-04 08:46:06.285000+00:00,EXCESSIVE_DISCHARGE_RATE,0.9263,100.0
TEC0725A0600013,2026-02-04 08:46:36.284000+00:00,STATISTICAL_ANOMALY,0.5844,5.8442
TEC0725A0600013,2026-02-04 08:47:06.302000+00:00,STATISTICAL_ANOMALY,0.5828,5.8281
TEC0725A0600013,2026-02-04 08:47:36.296000+00:00,EXCESSIVE_DISCHARGE_RATE,0.9081,100.0
TEC0725A0600013,2026-02-04 08:48:06.366000+00:00,EXCESSIVE_DISCHARGE_RATE,0.8973,100.0
TEC0725A0600013,2026-02-04 08:48:36.285000+00:00,STATISTICAL_ANOMALY,0.5282,5.2822
TEC0725A0600013,2026-02-04 08:49:06.287000+00:00,STATISTICAL_ANOMALY,0.5282,5.2822
TEC0725A0600013,2026-02-04 08:49:36.288000+00:00,STATISTICAL_ANOMALY,0.5282,5.2822
TEC0725A0600013,2026-02-04 08:50:06.290000+00:00,STATISTICAL_ANOMALY,0.5277,5.277
TEC0725A0600013,2026-02-04 08:50:36.289000+00:00,STATISTICAL_ANOMALY,0.5277,5.277
TEC0725A0600013,2026-02-04 08:51:06.286000+00:00,STATISTICAL_ANOMALY,0.5277,5.277
TEC0725A0600013,2026-02-04 08:51:36.288000+00:00,EXCESSIVE_DISCHARGE_RATE,0.8961,100.0
TEC0725A0600013,2026-02-04 08:52:06.287000+00:00,EXCESSIVE_DISCHARGE_RATE,0.8961,100.0
TEC0725A0600013,2026-02-04 08:52:36.290000+00:00,STATISTICAL_ANOMALY,0.5277,5.277
TEC0725A0600013,2026-02-04 08:53:06.286000+00:00,STATISTICAL_ANOMALY,0.5277,5.277
TEC0725A0600013,2026-02-04 08:53:36.378000+00:00,EXCESSIVE_DISCHARGE_RATE,0.8961,100.0
TEC0725A0600013,2026-02-04 08:54:06.289000+00:00,EXCESSIVE_DISCHARGE_RATE,0.8967,100.0
TEC0725A0600013,2026-02-04 08:54:36.286000+00:00,STATISTICAL_ANOMALY,0.5277,5.277
TEC0725A0600013,2026-02-04 08:55:06.287000+00:00,STATISTICAL_ANOMALY,0.5277,5.277
TEC0725A0600013,2026-02-04 08:55:36.281000+00:00,EXCESSIVE_DISCHARGE_RATE,0.8961,100.0
TEC0725A0600013,2026-02-04 08:56:06.287000+00:00,EXCESSIVE_DISCHARGE_RATE,0.8961,100.0
TEC0725A0600013,2026-02-04 08:56:36.285000+00:00,STATISTICAL_ANOMALY,0.5277,5.277
TEC0725A0600013,2026-02-04 08:57:06.288000+00:00,STATISTICAL_ANOMALY,0.5277,5.277
TEC0725A0600013,2026-02-04 08:57:36.284000+00:00,EXCESSIVE_DISCHARGE_RATE,0.8961,100.0
TEC0725A0600013,2026-02-04 08:58:06.286000+00:00,EXCESSIVE_DISCHARGE_RATE,0.8961,100.0
TEC0725A0600013,2026-02-04 08:58:36.292000+00:00,STATISTICAL_ANOMALY,0.5277,5.277
TEC0725A0600013,2026-02-04 08:59:06.326000+00:00,STATISTICAL_ANOMALY,0.5277,5.277
TEC0725A0600013,2026-02-04 08:59:36.281000+00:00,STATISTICAL_ANOMALY,0.5277,5.277
TEC0725A0600013,2026-02-04 09:00:06.283000+00:00,STATISTICAL_ANOMALY,0.5277,5.277
TEC0725A0600013,2026-02-04 09:00:36.285000+00:00,STATISTICAL_ANOMALY,0.5277,5.277
TEC0725A0600013,2026-02-04 09:01:06.286000+00:00,STATISTICAL_ANOMALY,0.5277,5.277
TEC0725A0600013,2026-02-04 09:01:36.284000+00:00,EXCESSIVE_DISCHARGE_RATE,0.8967,100.0
TEC0725A0600013,2026-02-04 09:02:06.286000+00:00,EXCESSIVE_DISCHARGE_RATE,0.8967,100.0
TEC0725A0600013,2026-02-04 09:02:36.286000+00:00,STATISTICAL_ANOMALY,0.5282,5.2822
TEC0725A0600013,2026-02-04 09:03:06.286000+00:00,STATISTICAL_ANOMALY,0.5282,5.2822
TEC0725A0600013,2026-02-04 09:03:36.287000+00:00,EXCESSIVE_DISCHARGE_RATE,0.8687,100.0
TEC0725A0600013,2026-02-04 09:04:06.288000+00:00,EXCESSIVE_DISCHARGE_RATE,0.8694,100.0
TEC0725A0600013,2026-02-04 09:05:36.286000+00:00,EXCESSIVE_DISCHARGE_RATE,0.8694,100.0
TEC0725A0600013,2026-02-04 09:06:06.288000+00:00,EXCESSIVE_DISCHARGE_RATE,0.8694,100.0
TEC0725A0600013,2026-02-04 09:09:36.296000+00:00,EXCESSIVE_DISCHARGE_RATE,0.8687,100.0
TEC0725A0600013,2026-02-04 09:10:06.354000+00:00,EXCESSIVE_DISCHARGE_RATE,0.8687,100.0
TEC0725A0600013,2026-02-04 09:11:36.289000+00:00,EXCESSIVE_DISCHARGE_RATE,0.8687,100.0
TEC0725A0600013,2026-02-04 09:12:06.284000+00:00,EXCESSIVE_DISCHARGE_RATE,0.8694,100.0
TEC0725A0600013,2026-02-04 09:13:36.289000+00:00,EXCESSIVE_DISCHARGE_RATE,0.8687,100.0
TEC0725A0600013,2026-02-04 09:14:06.285000+00:00,EXCESSIVE_DISCHARGE_RATE,0.8687,100.0
TEC0725A0600013,2026-02-04 09:17:36.287000+00:00,EXCESSIVE_DISCHARGE_RATE,0.8681,100.0
TEC0725A0600013,2026-02-04 09:18:06.289000+00:00,EXCESSIVE_DISCHARGE_RATE,0.8681,100.0
TEC0725A0600013,2026-02-04 09:19:36.287000+00:00,EXCESSIVE_DISCHARGE_RATE,0.8681,100.0
TEC0725A0600013,2026-02-04 09:20:06.288000+00:00,EXCESSIVE_DISCHARGE_RATE,0.8681,100.0
TEC0725A0600013,2026-02-04 09:21:36.291000+00:00,EXCESSIVE_DISCHARGE_RATE,0.8681,100.0
TEC0725A0600013,2026-02-04 09:22:06.284000+00:00,EXCESSIVE_DISCHARGE_RATE,0.8687,100.0
TEC0725A0600013,2026-02-04 09:26:06.288000+00:00,EXCESSIVE_DISCHARGE_RATE,0.8663,100.0
TEC0725A0600013,2026-02-04 09:26:36.391000+00:00,EXCESSIVE_DISCHARGE_RATE,0.8663,100.0
TEC0725A0600013,2026-02-04 09:28:06.287000+00:00,EXCESSIVE_DISCHARGE_RATE,0.8663,100.0
TEC0725A0600013,2026-02-04 09:28:36.288000+00:00,EXCESSIVE_DISCHARGE_RATE,0.8663,100.0
TEC0725A0600013,2026-02-04 09:30:06.288000+00:00,EXCESSIVE_DISCHARGE_RATE,0.8663,100.0
TEC0725A0600013,2026-02-04 09:30:36.287000+00:00,EXCESSIVE_DISCHARGE_RATE,0.8669,100.0
TEC0725A0600013,2026-02-04 09:34:06.282000+00:00,EXCESSIVE_DISCHARGE_RATE,0.8663,100.0
TEC0725A0600013,2026-02-04 09:34:36.287000+00:00,EXCESSIVE_DISCHARGE_RATE,0.8663,100.0
TEC0725A0600013,2026-02-04 09:36:06.288000+00:00,EXCESSIVE_DISCHARGE_RATE,0.8676,100.0
TEC0725A0600013,2026-02-04 09:36:36.285000+00:00,EXCESSIVE_DISCHARGE_RATE,0.8669,100.0
TEC0725A0600013,2026-02-04 09:38:06.288000+00:00,EXCESSIVE_DISCHARGE_RATE,0.8954,100.0
TEC0725A0600013,2026-02-04 09:38:36.288000+00:00,EXCESSIVE_DISCHARGE_RATE,0.8954,100.0
TEC0725A0600013,2026-02-04 09:39:06.290000+00:00,STATISTICAL_ANOMALY,0.52,5.2004
TEC0725A0600013,2026-02-04 09:39:36.285000+00:00,STATISTICAL_ANOMALY,0.5216,5.2158
TEC0725A0600013,2026-02-04 09:40:06.284000+00:00,STATISTICAL_ANOMALY,0.5211,5.2106
TEC0725A0600013,2026-02-04 09:40:36.286000+00:00,STATISTICAL_ANOMALY,0.5216,5.2158
TEC0725A0600013,2026-02-04 09:41:06.286000+00:00,STATISTICAL_ANOMALY,0.52,5.2004
TEC0725A0600013,2026-02-04 09:41:36.283000+00:00,STATISTICAL_ANOMALY,0.52,5.2004
TEC0725A0600013,2026-02-04 09:42:06.289000+00:00,EXCESSIVE_DISCHARGE_RATE,0.8954,100.0
TEC0725A0600013,2026-02-04 09:42:36.288000+00:00,EXCESSIVE_DISCHARGE_RATE,0.8967,100.0
TEC0725A0600013,2026-02-04 09:43:06.308000+00:00,STATISTICAL_ANOMALY,0.5195,5.1952
TEC0725A0600013,2026-02-04 09:43:36.286000+00:00,STATISTICAL_ANOMALY,0.5195,5.1952
TEC0725A0600013,2026-02-04 09:44:06.288000+00:00,EXCESSIVE_DISCHARGE_RATE,0.8657,100.0
TEC0725A0600013,2026-02-04 09:44:36.287000+00:00,EXCESSIVE_DISCHARGE_RATE,0.8657,100.0
TEC0725A0600013,2026-02-04 09:48:06.287000+00:00,EXCESSIVE_DISCHARGE_RATE,0.8638,100.0
TEC0725A0600013,2026-02-04 09:48:36.364000+00:00,EXCESSIVE_DISCHARGE_RATE,0.8644,100.0
TEC0725A0600013,2026-02-04 09:50:06.364000+00:00,EXCESSIVE_DISCHARGE_RATE,0.8631,100.0
TEC0725A0600013,2026-02-04 09:50:36.299000+00:00,EXCESSIVE_DISCHARGE_RATE,0.8631,100.0
TEC0725A0600013,2026-02-04 09:52:06.290000+00:00,EXCESSIVE_DISCHARGE_RATE,0.8638,100.0
TEC0725A0600013,2026-02-04 09:52:36.288000+00:00,EXCESSIVE_DISCHARGE_RATE,0.8638,100.0
TEC0725A0600013,2026-02-04 09:56:06.289000+00:00,EXCESSIVE_DISCHARGE_RATE,0.872,100.0
TEC0725A0600013,2026-02-04 09:56:36.287000+00:00,EXCESSIVE_DISCHARGE_RATE,0.872,100.0
TEC0725A0600013,2026-02-04 09:58:06.287000+00:00,EXCESSIVE_DISCHARGE_RATE,0.8625,100.0
TEC0725A0600013,2026-02-04 09:58:36.285000+00:00,EXCESSIVE_DISCHARGE_RATE,0.8631,100.0
TEC0725A0600013,2026-02-04 10:00:06.288000+00:00,EXCESSIVE_DISCHARGE_RATE,0.8631,100.0
TEC0725A0600013,2026-02-04 10:00:36.287000+00:00,EXCESSIVE_DISCHARGE_RATE,0.8631,100.0
TEC0725A0600013,2026-02-04 10:04:06.284000+00:00,EXCESSIVE_DISCHARGE_RATE,0.872,100.0
TEC0725A0600013,2026-02-04 10:04:36.282000+00:00,EXCESSIVE_DISCHARGE_RATE,0.872,100.0
TEC0725A0600013,2026-02-04 10:06:06.290000+00:00,EXCESSIVE_DISCHARGE_RATE,0.8625,100.0
TEC0725A0600013,2026-02-04 10:06:36.282000+00:00,EXCESSIVE_DISCHARGE_RATE,0.8625,100.0
TEC0725A0600013,2026-02-04 10:08:36.289000+00:00,EXCESSIVE_DISCHARGE_RATE,0.8631,100.0
TEC0725A0600013,2026-02-04 10:09:06.286000+00:00,EXCESSIVE_DISCHARGE_RATE,0.8625,100.0
TEC0725A0600013,2026-02-04 10:12:36.289000+00:00,EXCESSIVE_DISCHARGE_RATE,0.8619,100.0
TEC0725A0600013,2026-02-04 10:13:06.288000+00:00,EXCESSIVE_DISCHARGE_RATE,0.8619,100.0
TEC0725A0600013,2026-02-04 10:14:36.290000+00:00,EXCESSIVE_DISCHARGE_RATE,0.8625,100.0
TEC0725A0600013,2026-02-04 10:15:06.293000+00:00,EXCESSIVE_DISCHARGE_RATE,0.8625,100.0
TEC0725A0600013,2026-02-04 10:18:36.289000+00:00,EXCESSIVE_DISCHARGE_RATE,0.8644,100.0
TEC0725A0600013,2026-02-04 10:19:06.284000+00:00,EXCESSIVE_DISCHARGE_RATE,0.8663,100.0
TEC0725A0600013,2026-02-04 10:20:36.286000+00:00,EXCESSIVE_DISCHARGE_RATE,0.8929,100.0
TEC0725A0600013,2026-02-04 10:21:06.287000+00:00,EXCESSIVE_DISCHARGE_RATE,0.8929,100.0
TEC0725A0600013,2026-02-04 10:22:36.294000+00:00,EXCESSIVE_DISCHARGE_RATE,0.8909,100.0
TEC0725A0600013,2026-02-04 10:23:06.287000+00:00,EXCESSIVE_DISCHARGE_RATE,0.8903,100.0
TEC0725A0600013,2026-02-04 10:26:36.289000+00:00,EXCESSIVE_DISCHARGE_RATE,0.8948,100.0
TEC0725A0600013,2026-02-04 10:27:06.370000+00:00,EXCESSIVE_DISCHARGE_RATE,0.8948,100.0
TEC0725A0600013,2026-02-04 10:28:36.287000+00:00,EXCESSIVE_DISCHARGE_RATE,0.8948,100.0
TEC0725A0600013,2026-02-04 10:29:06.287000+00:00,EXCESSIVE_DISCHARGE_RATE,0.8948,100.0
TEC0725A0600013,2026-02-04 10:30:36.286000+00:00,EXCESSIVE_DISCHARGE_RATE,0.8929,100.0
TEC0725A0600013,2026-02-04 10:31:06.286000+00:00,EXCESSIVE_DISCHARGE_RATE,0.8909,100.0
TEC0725A0600013,2026-02-04 10:34:36.289000+00:00,EXCESSIVE_DISCHARGE_RATE,0.8948,100.0
TEC0725A0600013,2026-02-04 10:35:06.286000+00:00,EXCESSIVE_DISCHARGE_RATE,0.8948,100.0
TEC0725A0600013,2026-02-04 10:36:36.284000+00:00,EXCESSIVE_DISCHARGE_RATE,0.8948,100.0
TEC0725A0600013,2026-02-04 10:37:06.289000+00:00,EXCESSIVE_DISCHARGE_RATE,0.8929,100.0
TEC0725A0600013,2026-02-04 10:38:36.288000+00:00,EXCESSIVE_DISCHARGE_RATE,0.8625,100.0
TEC0725A0600013,2026-02-04 10:39:06.283000+00:00,EXCESSIVE_DISCHARGE_RATE,0.8613,100.0
TEC0725A0600013,2026-02-04 10:42:36.291000+00:00,EXCESSIVE_DISCHARGE_RATE,0.8625,100.0
TEC0725A0600013,2026-02-04 10:43:06.280000+00:00,EXCESSIVE_DISCHARGE_RATE,0.8619,100.0
TEC0725A0600013,2026-02-04 10:44:36.287000+00:00,EXCESSIVE_DISCHARGE_RATE,0.8619,100.0
TEC0725A0600013,2026-02-04 10:45:06.317000+00:00,EXCESSIVE_DISCHARGE_RATE,0.8625,100.0
TEC0725A0600013,2026-02-04 10:46:36.293000+00:00,EXCESSIVE_DISCHARGE_RATE,0.8631,100.0
TEC0725A0600013,2026-02-04 10:47:06.289000+00:00,EXCESSIVE_DISCHARGE_RATE,0.8631,100.0
TEC0725A0600013,2026-02-04 10:51:06.285000+00:00,EXCESSIVE_DISCHARGE_RATE,0.8613,100.0
TEC0725A0600013,2026-02-04 10:51:36.288000+00:00,EXCESSIVE_DISCHARGE_RATE,0.8619,100.0
TEC0725A0600013,2026-02-04 10:53:06.284000+00:00,EXCESSIVE_DISCHARGE_RATE,0.8625,100.0
TEC0725A0600013,2026-02-04 10:53:36.290000+00:00,EXCESSIVE_DISCHARGE_RATE,0.8631,100.0
TEC0725A0600013,2026-02-04 10:57:06.288000+00:00,EXCESSIVE_DISCHARGE_RATE,0.8638,100.0
TEC0725A0600013,2026-02-04 10:57:36.288000+00:00,EXCESSIVE_DISCHARGE_RATE,0.8644,100.0
TEC0725A0600013,2026-02-04 10:59:06.286000+00:00,EXCESSIVE_DISCHARGE_RATE,0.8644,100.0
TEC0725A0600013,2026-02-04 10:59:36.403000+00:00,EXCESSIVE_DISCHARGE_RATE,0.8638,100.0
TEC0725A0600013,2026-02-04 11:01:06.297000+00:00,EXCESSIVE_DISCHARGE_RATE,0.8619,100.0
TEC0725A0600013,2026-02-04 11:01:36.293000+00:00,EXCESSIVE_DISCHARGE_RATE,0.8613,100.0
TEC0725A0600013,2026-02-04 11:05:06.290000+00:00,EXCESSIVE_DISCHARGE_RATE,0.8625,100.0
TEC0725A0600013,2026-02-04 11:05:36.362000+00:00,EXCESSIVE_DISCHARGE_RATE,0.8638,100.0
TEC0725A0600013,2026-02-04 11:07:06.289000+00:00,EXCESSIVE_DISCHARGE_RATE,0.8625,100.0
TEC0725A0600013,2026-02-04 11:07:36.307000+00:00,EXCESSIVE_DISCHARGE_RATE,0.8625,100.0
TEC0725A0600013,2026-02-04 11:09:06.290000+00:00,EXCESSIVE_DISCHARGE_RATE,0.8625,100.0
TEC0725A0600013,2026-02-04 11:09:36.284000+00:00,EXCESSIVE_DISCHARGE_RATE,0.8631,100.0
TEC0725A0600013,2026-02-04 11:13:06.287000+00:00,EXCESSIVE_DISCHARGE_RATE,0.8613,100.0
TEC0725A0600013,2026-02-04 11:13:36.296000+00:00,EXCESSIVE_DISCHARGE_RATE,0.8613,100.0
TEC0725A0600013,2026-02-04 11:15:06.290000+00:00,EXCESSIVE_DISCHARGE_RATE,0.8619,100.0
TEC0725A0600013,2026-02-04 11:15:36.287000+00:00,EXCESSIVE_DISCHARGE_RATE,0.8625,100.0
TEC0725A0600013,2026-02-04 11:17:06.286000+00:00,EXCESSIVE_DISCHARGE_RATE,0.8625,100.0
TEC0725A0600013,2026-02-04 11:17:36.289000+00:00,EXCESSIVE_DISCHARGE_RATE,0.8625,100.0
TEC0725A0600013,2026-02-04 11:21:06.288000+00:00,EXCESSIVE_DISCHARGE_RATE,0.872,100.0
TEC0725A0600013,2026-02-04 11:21:36.303000+00:00,EXCESSIVE_DISCHARGE_RATE,0.872,100.0
TEC0725A0600013,2026-02-04 11:23:36.287000+00:00,EXCESSIVE_DISCHARGE_RATE,0.8778,100.0
TEC0725A0600013,2026-02-04 11:24:06.288000+00:00,EXCESSIVE_DISCHARGE_RATE,0.8778,100.0
TEC0725A0600013,2026-02-04 11:25:36.285000+00:00,HIGH_CELL_IMBALANCE,0.8198,100.0
TEC0725A0600013,2026-02-04 11:25:36.285000+00:00,EXCESSIVE_DISCHARGE_RATE,0.8198,100.0
TEC0725A0600013,2026-02-04 11:26:06.289000+00:00,HIGH_CELL_IMBALANCE,0.8192,100.0
TEC0725A0600013,2026-02-04 11:26:06.289000+00:00,EXCESSIVE_DISCHARGE_RATE,0.8192,100.0
TEC0725A0600013,2026-02-04 11:28:06.285000+00:00,HIGH_CELL_IMBALANCE,0.9501,100.0
TEC0725A0600013,2026-02-04 11:28:06.285000+00:00,EXCESSIVE_DISCHARGE_RATE,0.9501,100.0
TEC0725A0600013,2026-02-04 11:28:36.287000+00:00,HIGH_CELL_IMBALANCE,0.9495,100.0
TEC0725A0600013,2026-02-04 11:28:36.287000+00:00,EXCESSIVE_DISCHARGE_RATE,0.9495,100.0
TEC0725A0600013,2026-02-04 11:29:06.287000+00:00,HIGH_CELL_IMBALANCE,0.7368,15.0
TEC0725A0600013,2026-02-04 11:29:36.288000+00:00,HIGH_CELL_IMBALANCE,0.7386,15.0
TEC0725A0600013,2026-02-04 11:30:06.284000+00:00,HIGH_CELL_IMBALANCE,0.7386,15.0
TEC0725A0600013,2026-02-04 11:30:36.287000+00:00,HIGH_CELL_IMBALANCE,0.738,15.0
TEC0725A0600013,2026-02-04 11:31:06.288000+00:00,HIGH_CELL_IMBALANCE,0.7362,15.0
TEC0725A0600013,2026-02-04 11:31:36.284000+00:00,HIGH_CELL_IMBALANCE,0.7362,15.0
TEC0725A0600013,2026-02-04 11:32:06.283000+00:00,HIGH_CELL_IMBALANCE,0.7362,15.0
TEC0725A0600013,2026-02-04 11:32:36.287000+00:00,HIGH_CELL_IMBALANCE,0.7362,15.0
TEC0725A0600013,2026-02-04 11:33:06.353000+00:00,HIGH_CELL_IMBALANCE,0.7362,15.0
TEC0725A0600013,2026-02-04 11:33:36.290000+00:00,HIGH_CELL_IMBALANCE,0.738,15.0
TEC0725A0600013,2026-02-04 11:34:06.287000+00:00,HIGH_CELL_IMBALANCE,0.7386,15.0
TEC0725A0600013,2026-02-04 11:34:36.308000+00:00,HIGH_CELL_IMBALANCE,0.7386,15.0
TEC0725A0600013,2026-02-04 11:35:06.286000+00:00,HIGH_CELL_IMBALANCE,0.7368,15.0
TEC0725A0600013,2026-02-04 11:35:36.286000+00:00,HIGH_CELL_IMBALANCE,0.7362,15.0
TEC0725A0600013,2026-02-04 11:36:06.282000+00:00,HIGH_CELL_IMBALANCE,0.7362,15.0
TEC0725A0600013,2026-02-04 11:36:36.283000+00:00,HIGH_CELL_IMBALANCE,0.7368,15.0
TEC0725A0600013,2026-02-04 11:37:06.287000+00:00,HIGH_CELL_IMBALANCE,0.738,15.0
TEC0725A0600013,2026-02-04 11:37:36.287000+00:00,HIGH_CELL_IMBALANCE,0.738,15.0
TEC0725A0600013,2026-02-04 11:38:06.280000+00:00,HIGH_CELL_IMBALANCE,0.738,15.0
TEC0725A0600013,2026-02-04 11:38:36.377000+00:00,HIGH_CELL_IMBALANCE,0.7393,15.0
TEC0725A0600013,2026-02-04 11:39:06.287000+00:00,HIGH_CELL_IMBALANCE,0.7393,15.0
TEC0725A0600013,2026-02-04 11:39:36.285000+00:00,HIGH_CELL_IMBALANCE,0.7393,15.0
TEC0725A0600013,2026-02-04 11:40:06.280000+00:00,HIGH_CELL_IMBALANCE,0.7405,15.0
TEC0725A0600013,2026-02-04 11:40:36.287000+00:00,HIGH_CELL_IMBALANCE,0.738,15.0
TEC0725A0600013,2026-02-04 11:41:06.287000+00:00,HIGH_CELL_IMBALANCE,0.7386,15.0
TEC0725A0600013,2026-02-04 11:41:36.282000+00:00,HIGH_CELL_IMBALANCE,0.7386,15.0
TEC0725A0600013,2026-02-04 11:42:06.283000+00:00,HIGH_CELL_IMBALANCE,0.7398,15.0
TEC0725A0600013,2026-02-04 11:42:36.289000+00:00,HIGH_CELL_IMBALANCE,0.7392,15.0
TEC0725A0600013,2026-02-04 11:43:06.285000+00:00,HIGH_CELL_IMBALANCE,0.7392,15.0
TEC0725A0600013,2026-02-04 11:43:36.288000+00:00,HIGH_CELL_IMBALANCE,0.7385,15.0
TEC0725A0600013,2026-02-04 11:44:06.334000+00:00,HIGH_CELL_IMBALANCE,0.7374,15.0
TEC0725A0600013,2026-02-04 11:44:36.288000+00:00,HIGH_CELL_IMBALANCE,0.7368,15.0
TEC0725A0600013,2026-02-04 11:45:06.286000+00:00,HIGH_CELL_IMBALANCE,0.7374,15.0
TEC0725A0600013,2026-02-04 11:45:36.285000+00:00,HIGH_CELL_IMBALANCE,0.738,15.0
TEC0725A0600013,2026-02-04 11:46:06.287000+00:00,HIGH_CELL_IMBALANCE,0.7346,15.0
TEC0725A0600013,2026-02-04 11:46:36.286000+00:00,HIGH_CELL_IMBALANCE,0.7346,15.0
TEC0725A0600013,2026-02-04 11:47:06.286000+00:00,HIGH_CELL_IMBALANCE,0.7346,15.0
TEC0725A0600013,2026-02-04 11:47:36.282000+00:00,HIGH_CELL_IMBALANCE,0.7352,15.0
TEC0725A0600013,2026-02-04 11:48:06.288000+00:00,HIGH_CELL_IMBALANCE,0.734,15.0
TEC0725A0600013,2026-02-04 11:48:36.281000+00:00,HIGH_CELL_IMBALANCE,0.7323,15.0
TEC0725A0600013,2026-02-04 11:49:06.286000+00:00,HIGH_CELL_IMBALANCE,0.7316,15.0
TEC0725A0600013,2026-02-04 11:49:36.362000+00:00,HIGH_CELL_IMBALANCE,0.731,15.0
TEC0725A0600013,2026-02-04 11:50:06.286000+00:00,HIGH_CELL_IMBALANCE,0.731,15.0
TEC0725A0600013,2026-02-04 11:50:36.287000+00:00,HIGH_CELL_IMBALANCE,0.7279,15.0
TEC0725A0600013,2026-02-04 11:51:06.286000+00:00,HIGH_CELL_IMBALANCE,0.7279,15.0
TEC0725A0600013,2026-02-04 11:51:36.282000+00:00,HIGH_CELL_IMBALANCE,0.7255,15.0
TEC0725A0600013,2026-02-04 11:52:06.286000+00:00,HIGH_CELL_IMBALANCE,0.7254,15.0
TEC0725A0600013,2026-02-04 11:52:36.282000+00:00,HIGH_CELL_IMBALANCE,0.7254,15.0
TEC0725A0600013,2026-02-04 11:53:06.284000+00:00,HIGH_CELL_IMBALANCE,0.7248,15.0
TEC0725A0600013,2026-02-04 11:53:36.284000+00:00,HIGH_CELL_IMBALANCE,0.7237,15.0
TEC0725A0600013,2026-02-04 11:54:06.288000+00:00,HIGH_CELL_IMBALANCE,0.7237,15.0
TEC0725A0600013,2026-02-04 11:54:36.284000+00:00,HIGH_CELL_IMBALANCE,0.7243,15.0
TEC0725A0600013,2026-02-04 11:55:06.340000+00:00,HIGH_CELL_IMBALANCE,0.7243,15.0
TEC0725A0600013,2026-02-04 11:55:36.282000+00:00,HIGH_CELL_IMBALANCE,0.7248,15.0
TEC0725A0600013,2026-02-04 11:56:06.289000+00:00,HIGH_CELL_IMBALANCE,0.7248,15.0
TEC0725A0600013,2026-02-04 11:56:36.282000+00:00,HIGH_CELL_IMBALANCE,0.7243,15.0
TEC0725A0600013,2026-02-04 11:57:06.286000+00:00,HIGH_CELL_IMBALANCE,0.7243,15.0
TEC0725A0600013,2026-02-04 11:57:36.283000+00:00,HIGH_CELL_IMBALANCE,0.7177,15.0
TEC0725A0600013,2026-02-04 11:58:06.282000+00:00,HIGH_CELL_IMBALANCE,0.7172,15.0
TEC0725A0600013,2026-02-04 11:58:36.284000+00:00,HIGH_CELL_IMBALANCE,0.7133,15.0
TEC0725A0600013,2026-02-04 11:59:06.288000+00:00,HIGH_CELL_IMBALANCE,0.7133,15.0
TEC0725A0600013,2026-02-04 11:59:36.301000+00:00,HIGH_CELL_IMBALANCE,0.7128,15.0
TEC0725A0600013,2026-02-04 12:00:06.296000+00:00,HIGH_CELL_IMBALANCE,0.7121,15.0
TEC0725A0600013,2026-02-04 12:00:36.404000+00:00,HIGH_CELL_IMBALANCE,0.7121,15.0
TEC0725A0600013,2026-02-04 12:01:06.335000+00:00,HIGH_CELL_IMBALANCE,0.7109,15.0
TEC0725A0600013,2026-02-04 12:01:36.302000+00:00,HIGH_CELL_IMBALANCE,0.7108,15.0
TEC0725A0600013,2026-02-04 12:02:06.283000+00:00,HIGH_CELL_IMBALANCE,0.7085,15.0
TEC0725A0600013,2026-02-04 12:02:36.289000+00:00,HIGH_CELL_IMBALANCE,0.7085,15.0
TEC0725A0600013,2026-02-04 12:03:06.284000+00:00,HIGH_CELL_IMBALANCE,0.7079,15.0
TEC0725A0600013,2026-02-04 12:03:36.305000+00:00,HIGH_CELL_IMBALANCE,0.7079,15.0
TEC0725A0600013,2026-02-04 12:04:06.284000+00:00,HIGH_CELL_IMBALANCE,0.7085,15.0
TEC0725A0600013,2026-02-04 12:04:36.302000+00:00,HIGH_CELL_IMBALANCE,0.7025,15.0
TEC0725A0600013,2026-02-04 12:05:06.293000+00:00,HIGH_CELL_IMBALANCE,0.6962,15.0
TEC0725A0600013,2026-02-04 12:05:36.289000+00:00,HIGH_CELL_IMBALANCE,0.6931,15.0
TEC0725A0600013,2026-02-04 12:06:06.383000+00:00,HIGH_CELL_IMBALANCE,0.696,15.0
TEC0725A0600013,2026-02-04 12:06:36.291000+00:00,HIGH_CELL_IMBALANCE,0.6954,15.0
TEC0725A0600013,2026-02-04 12:07:06.283000+00:00,HIGH_CELL_IMBALANCE,0.6934,15.0
TEC0725A0600013,2026-02-04 12:07:36.288000+00:00,HIGH_CELL_IMBALANCE,0.6934,15.0
TEC0725A0600013,2026-02-04 12:08:06.286000+00:00,HIGH_CELL_IMBALANCE,0.6923,15.0
TEC0725A0600013,2026-02-04 12:08:36.291000+00:00,HIGH_CELL_IMBALANCE,0.6904,15.0
TEC0725A0600013,2026-02-04 12:09:06.292000+00:00,HIGH_CELL_IMBALANCE,0.685,15.0
TEC0725A0600013,2026-02-04 12:09:36.287000+00:00,HIGH_CELL_IMBALANCE,0.6862,15.0
TEC0725A0600013,2026-02-04 12:10:06.286000+00:00,HIGH_CELL_IMBALANCE,0.6862,15.0
TEC0725A0600013,2026-02-04 12:10:36.283000+00:00,HIGH_CELL_IMBALANCE,0.6862,15.0
TEC0725A0600013,2026-02-04 12:11:06.288000+00:00,HIGH_CELL_IMBALANCE,0.6824,15.0
TEC0725A0600013,2026-02-04 12:11:36.357000+00:00,HIGH_CELL_IMBALANCE,0.6779,15.0
TEC0725A0600013,2026-02-04 12:12:06.285000+00:00,HIGH_CELL_IMBALANCE,0.6774,15.0
TEC0725A0600013,2026-02-04 12:12:36.288000+00:00,HIGH_CELL_IMBALANCE,0.6808,15.0
TEC0725A0600013,2026-02-04 12:13:06.285000+00:00,HIGH_CELL_IMBALANCE,0.6819,15.0
TEC0725A0600013,2026-02-04 12:13:36.287000+00:00,HIGH_CELL_IMBALANCE,0.6791,15.0
TEC0725A0600013,2026-02-04 12:14:06.288000+00:00,HIGH_CELL_IMBALANCE,0.6779,15.0
TEC0725A0600013,2026-02-04 12:14:36.289000+00:00,HIGH_CELL_IMBALANCE,0.6768,15.0
TEC0725A0600013,2026-02-04 12:15:06.287000+00:00,HIGH_CELL_IMBALANCE,0.6762,15.0
TEC0725A0600013,2026-02-04 12:15:36.286000+00:00,HIGH_CELL_IMBALANCE,0.6768,15.0
TEC0725A0600013,2026-02-04 12:16:06.286000+00:00,HIGH_CELL_IMBALANCE,0.6744,15.0
TEC0725A0600013,2026-02-04 12:16:36.284000+00:00,HIGH_CELL_IMBALANCE,0.6699,15.0
TEC0725A0600013,2026-02-04 12:17:06.362000+00:00,HIGH_CELL_IMBALANCE,0.6672,15.0
TEC0725A0600013,2026-02-04 12:17:36.287000+00:00,HIGH_CELL_IMBALANCE,0.6642,15.0
TEC0725A0600013,2026-02-04 12:18:06.288000+00:00,HIGH_CELL_IMBALANCE,0.663,15.0
TEC0725A0600013,2026-02-04 12:18:36.299000+00:00,HIGH_CELL_IMBALANCE,0.6546,15.0
TEC0725A0600013,2026-02-04 12:19:06.288000+00:00,HIGH_CELL_IMBALANCE,0.6512,15.0
TEC0725A0600013,2026-02-04 12:19:36.288000+00:00,HIGH_CELL_IMBALANCE,0.6492,15.0
TEC0725A0600013,2026-02-04 12:20:06.284000+00:00,HIGH_CELL_IMBALANCE,0.6491,15.0
TEC0725A0600013,2026-02-04 12:20:36.288000+00:00,HIGH_CELL_IMBALANCE,0.6497,15.0
TEC0725A0600013,2026-02-04 12:21:06.287000+00:00,HIGH_CELL_IMBALANCE,0.6491,15.0
